,GDEKT,GDENAME,Latitude,Longitude,co2_m2
384316,AG,Windisch,47.4826872432873,8.22720995240623,29.33859713755873
384317,AG,Windisch,47.4824226378649,8.22746467934132,23.835318660420462
384318,AG,Windisch,47.4821410817217,8.2277939973485,29.796079386773265
384319,AG,Windisch,47.482880070437,8.22661068524397,32.41276881499605
384320,AG,Windisch,47.4827899419152,8.22641705464176,29.796079386773265
384321,AG,Windisch,47.4809305587944,8.22326406245069,23.835318660420462
384322,AG,Windisch,47.481065955917,8.22360843338293,21.911088530219825
384323,AG,Windisch,47.4814370012178,8.2244982622974,23.835318660420462
384324,AG,Windisch,47.4823800234948,8.22622249930991,21.911088530219825
384325,AG,Windisch,47.4825042821449,8.22691363066003,32.41276881499605
384326,AG,Windisch,47.4826738852697,8.22694200288884,23.835318660420462
384327,AG,Windisch,47.4821661624838,8.22741583218749,23.835318660420462
384328,AG,Windisch,47.4820641350843,8.22754710603051,21.911088530219825
384329,AG,Windisch,47.4818922369205,8.22754272646262,21.911088530219825
384330,AG,Windisch,47.481603324039,8.22697409303967,21.911088530219825
384331,AG,Windisch,47.484213578894,8.23495428875675,20.858327122840283
384332,AG,Windisch,47.4842704077425,8.2350193591777,20.858327122840283
384333,AG,Windisch,47.4843627045955,8.23512451434251,20.858327122840283
384334,AG,Windisch,47.4846226287009,8.23542334115586,20.858327122840283
384335,AG,Windisch,47.4835985732713,8.22979174264501,28.57694733105132
384336,AG,Windisch,47.4834831189793,8.23000791915973,28.57694733105132
384399,AG,Windisch,47.4829132676479,8.22890725645926,25.007734282698745
384400,AG,Windisch,47.4828550107966,8.22879788378719,26.26992455250224
384401,AG,Windisch,47.4819128435035,8.22819057551828,26.26992455250224
384402,AG,Windisch,47.4819143430985,8.22820808496252,26.26992455250224
384403,AG,Windisch,47.4821452108675,8.22888584532067,18.176342305942768
384404,AG,Windisch,47.4818807254762,8.22898672104751,20.416781745116275
384405,AG,Windisch,47.4843153052638,8.22669674365911,32.41276881499605
384406,AG,Windisch,47.4843630077485,8.22742383890031,28.79198590641361
384407,AG,Windisch,47.4844307554398,8.22769286902046,28.79198590641361
384408,AG,Windisch,47.4845806905725,8.22856770474223,16.287804433031855
384409,AG,Windisch,47.483941159937,8.22749801878445,25.195914898734912
384410,AG,Windisch,47.4836454076332,8.22790433106362,25.195914898734912
384411,AG,Windisch,47.4835164350849,8.22604581416677,28.57694733105132
384412,AG,Windisch,47.4833081036339,8.22594443949539,31.915110509409125
384413,AG,Windisch,47.4837675762616,8.22549544082087,32.41276881499605
384414,AG,Windisch,47.4832400148887,8.22581760870745,28.79198590641361
384415,AG,Windisch,47.4835110910174,8.22567029325655,32.41276881499605
384416,AG,Windisch,47.4832703429795,8.22502750492301,32.41276881499605
384417,AG,Windisch,47.4832833903041,8.22470481336605,32.41276881499605
384418,AG,Windisch,47.4837383724196,8.22317292839324,28.79198590641361
384419,AG,Windisch,47.4845683425921,8.22555301978055,21.911088530219825
384420,AG,Windisch,47.4845282666568,8.2236019262591,28.57694733105132
384421,AG,Windisch,47.4843135919014,8.22374205977848,21.911088530219825
384422,AG,Windisch,47.4842012399418,8.2231187709381,31.915110509409125
384423,AG,Windisch,47.4850217554889,8.22431901811646,31.915110509409125
384424,AG,Windisch,47.4849398903395,8.22395545366622,29.33859713755873
384425,AG,Windisch,47.4809804049304,8.22208465904947,25.195914898734912
384426,AG,Windisch,47.4811116025883,8.22204398789578,25.195914898734912
384427,AG,Windisch,47.4813753675485,8.22196226711451,25.195914898734912
384428,AG,Windisch,47.4807305479504,8.21960449046713,18.743242334795383
384429,AG,Windisch,47.47939910129,8.2193292621052,27.928966448947413
384581,AG,Windisch,47.4796161337723,8.22002696740711,27.928966448947413
384582,AG,Windisch,47.4800207967131,8.22041798516205,21.911088530219825
384583,AG,Windisch,47.4800063599835,8.22085756373667,23.835318660420462
384584,AG,Windisch,47.4803936508799,8.22183003925502,26.467603019876773
384585,AG,Windisch,47.480088043673,8.22232917599519,26.467603019876773
384586,AG,Windisch,47.4793479790372,8.22059653639174,18.176342305942768
384587,AG,Windisch,47.4793281573339,8.2200993310057,32.41276881499605
384588,AG,Windisch,47.4806010962621,8.22246294707478,26.26992455250224
384589,AG,Windisch,47.4799281972867,8.22286553427045,26.467603019876773
384590,AG,Windisch,47.4799091034225,8.22310965288494,21.911088530219825
384591,AG,Windisch,47.4795863075766,8.22325370123963,31.915110509409125
384592,AG,Windisch,47.4791685176848,8.22306251557826,29.33859713755873
384593,AG,Windisch,47.479606800163,8.22274336802931,26.467603019876773
384594,AG,Windisch,47.4798915173655,8.22311525784841,21.911088530219825
384595,AG,Windisch,47.4789036397676,8.2212511653129,29.796079386773265
384596,AG,Windisch,47.478777184547,8.22090421290896,25.007734282698745
384597,AG,Windisch,47.4792637003618,8.22256659371568,26.467603019876773
384598,AG,Windisch,47.4789908808485,8.22163764926326,29.796079386773265
384599,AG,Windisch,47.4789796877886,8.22247304166429,29.33859713755873
384600,AG,Windisch,47.4786085798925,8.21761644652234,24.25255663193363
384601,AG,Windisch,47.4780718530402,8.22052327051201,26.467603019876773
384602,AG,Windisch,47.4770296684412,8.21700361473562,23.835318660420462
384603,AG,Windisch,47.4769892165528,8.21766618704227,26.26992455250224
384604,AG,Windisch,47.476142265471,8.21785355609083,31.915110509409125
384605,AG,Windisch,47.4769630335704,8.2200899793117,31.915110509409125
384606,AG,Windisch,47.4768183261513,8.22041319343389,32.41276881499605
384607,AG,Windisch,47.4774447886172,8.21868332531076,29.796079386773265
384608,AG,Windisch,47.4774653905967,8.21879741706901,29.796079386773265
384609,AG,Windisch,47.4774978969686,8.21818440758914,29.796079386773265
384610,AG,Windisch,47.4760106923835,8.21883161165711,32.46735877580726
384611,AG,Windisch,47.4765691013969,8.21909316432946,26.467603019876773
384702,AG,Windisch,47.4764324651842,8.21873848139321,26.467603019876773
384703,AG,Windisch,47.4774269684152,8.22084605023344,21.911088530219825
384704,AG,Windisch,47.4769596915457,8.22061160445292,29.33859713755873
384705,AG,Windisch,47.4762266446554,8.22083165763072,16.70896248945162
384706,AG,Windisch,47.4760310498156,8.22081736030046,23.835318660420462
384707,AG,Windisch,47.4753937529053,8.22039088664452,31.915110509409125
384708,AG,Windisch,47.47484146769,8.21974608924521,31.915110509409125
384709,AG,Windisch,47.4754190725126,8.21961520414473,31.915110509409125
384710,AG,Windisch,47.4756326155639,8.21972887351131,28.57694733105132
384711,AG,Windisch,47.4761757781431,8.21987565343673,28.57694733105132
384712,AG,Windisch,47.4760410606355,8.22035924281287,28.57694733105132
384713,AG,Windisch,47.4762564295747,8.22040619931669,28.57694733105132
384714,AG,Windisch,47.4764673146301,8.22061232937435,32.41276881499605
384715,AG,Windisch,47.476524456093,8.21988622470535,31.915110509409125
384716,AG,Windisch,47.4759581990346,8.21960832382308,31.915110509409125
384717,AG,Windisch,47.4758063669105,8.21943458717953,31.915110509409125
384718,AG,Windisch,47.4755880467336,8.21926901679339,31.915110509409125
384719,AG,Windisch,47.4752396608693,8.21899095247257,32.41276881499605
384720,AG,Windisch,47.4766003491525,8.22104927071707,32.41276881499605
384721,AG,Windisch,47.4769738022349,8.2209446873383,32.41276881499605
384722,AG,Windisch,47.4767745480763,8.22119504569161,31.915110509409125
384723,AG,Windisch,47.4773645917497,8.22161390631103,31.915110509409125
384724,AG,Windisch,47.4768850221819,8.22168389014688,28.79198590641361
384725,AG,Windisch,47.4759539529146,8.22157537474695,31.915110509409125
384726,AG,Windisch,47.4779061113539,8.22182901101513,29.796079386773265
384727,AG,Windisch,47.4774223296083,8.22286669492398,25.75214740040053
384728,AG,Windisch,47.4770892835279,8.22327704987773,23.67317129560425
384729,AG,Windisch,47.4782883527885,8.22245147540198,25.195914898734912
384730,AG,Windisch,47.4780089866854,8.22282070699897,32.41276881499605
384731,AG,Windisch,47.477746501636,8.22353500433179,29.796079386773265
384851,AG,Windisch,47.4776035558263,8.22369517659215,29.796079386773265
384852,AG,Windisch,47.4782022250138,8.22335268399317,18.176342305942768
384853,AG,Windisch,47.4782558939535,8.22271420238655,32.41276881499605
384854,AG,Windisch,47.4758089673589,8.22301913801252,26.467603019876773
384855,AG,Windisch,47.4758346957243,8.22343126805214,26.467603019876773
384856,AG,Windisch,47.475997949432,8.22401281100309,32.41276881499605
384857,AG,Windisch,47.4765714917363,8.21568627711997,29.796079386773265
384858,AG,Windisch,47.4764404831643,8.21536398935406,23.835318660420462
384859,AG,Windisch,47.476018652983,8.21579445914477,28.79198590641361
384860,AG,Windisch,47.4757810231427,8.21592004474896,31.915110509409125
384861,AG,Windisch,47.4745967539169,8.21445069080776,28.57694733105132
384862,AG,Windisch,47.4750016257678,8.214169140319,23.67317129560425
384863,AG,Windisch,47.4747373063043,8.21409540240884,26.467603019876773
384864,AG,Windisch,47.4745844397209,8.21380762169599,31.915110509409125
384865,AG,Windisch,47.4753903362591,8.21784234741173,32.41276881499605
384866,AG,Windisch,47.4757759274466,8.21776203998571,27.928966448947413
384867,AG,Windisch,47.4749465111628,8.21751156964177,31.915110509409125
384868,AG,Windisch,47.474362211999,8.21685546149673,26.26992455250224
384869,AG,Windisch,47.4735645150637,8.21657847961504,28.79198590641361
384870,AG,Windisch,47.474948091752,8.21804786645529,29.796079386773265
384871,AG,Windisch,47.4746193021556,8.21788868642999,31.915110509409125
384872,AG,Windisch,47.4742377036102,8.21758551509821,23.835318660420462
384873,AG,Windisch,47.4730114090669,8.2170018362271,28.79198590641361
384874,AG,Windisch,47.4725382155576,8.21661871609689,32.41276881499605
384875,AG,Windisch,47.474838276993,8.21900817662867,32.41276881499605
384876,AG,Windisch,47.4746769122977,8.21930774814917,28.79198590641361
384877,AG,Windisch,47.4742117490144,8.22031669209139,31.915110509409125
384878,AG,Windisch,47.4731215547677,8.21979013338736,31.915110509409125
384879,AG,Windisch,47.4736730242744,8.2201747407117,32.41276881499605
384880,AG,Windisch,47.4736873218623,8.22039773835971,32.41276881499605
384881,AG,Windisch,47.4743238540536,8.2186526114951,32.41276881499605
385004,AG,Windisch,47.4740629024995,8.21847586452338,32.41276881499605
385005,AG,Windisch,47.4740636907566,8.21814913448733,31.915110509409125
385006,AG,Windisch,47.473505503591,8.21901600150169,28.79198590641361
385007,AG,Windisch,47.4732382851071,8.21874557340389,31.915110509409125
385008,AG,Windisch,47.47315780234,8.21910865860408,31.915110509409125
385009,AG,Windisch,47.4742013583405,8.21904244275749,23.835318660420462
385010,AG,Windisch,47.4738501681677,8.21873729681186,28.79198590641361
385011,AG,Windisch,47.4721309885457,8.2198983270173,32.41276881499605
385012,AG,Windisch,47.4714068829039,8.22075757239459,28.57694733105132
385013,AG,Windisch,47.4712185805491,8.22099111317934,28.57694733105132
385014,AG,Windisch,47.4711362694402,8.2211459426497,28.57694733105132
385015,AG,Windisch,47.4718887037928,8.21668529911445,28.14613683325508
385016,AG,Windisch,47.47131157096,8.22056687566853,29.560155283729767
385017,AG,Windisch,47.4725498745412,8.21921329725015,31.915110509409125
385018,AG,Windisch,47.4723233972965,8.21917560450716,31.915110509409125
385019,AG,Windisch,47.472329501959,8.21894382516158,28.79198590641361
385020,AG,Windisch,47.471703097386,8.21880458710232,28.57694733105132
385021,AG,Windisch,47.4731694071228,8.21831278926112,31.915110509409125
385022,AG,Windisch,47.4726573636781,8.21856785493675,31.915110509409125
385023,AG,Windisch,47.4722513832949,8.21849029808077,31.915110509409125
385024,AG,Windisch,47.4720931023002,8.21809589016152,31.915110509409125
385025,AG,Windisch,47.473073700339,8.21754405624062,29.33859713755873
385026,AG,Windisch,47.4724739546038,8.21745817912051,31.915110509409125
385027,AG,Windisch,47.4729345653364,8.21497310095648,23.5035296976152
385028,AG,Windisch,47.4732962226395,8.21424833285046,25.007734282698745
385029,AG,Windisch,47.4722717684388,8.21469650349864,25.007734282698745
385030,AG,Windisch,47.4718301183565,8.21387987705639,19.603707614304664
385031,AG,Windisch,47.4735279602925,8.21256344388767,29.33859713755873
385032,AG,Windisch,47.4722939305336,8.21177136161254,29.33859713755873
385033,AG,Windisch,47.4719493492716,8.21156201487627,26.467603019876773
385034,AG,Windisch,47.4733460328065,8.21293433706463,26.26992455250224
385123,AG,Windisch,47.4729203808653,8.2126680702332,26.26992455250224
385124,AG,Windisch,47.4716219005903,8.21298840838891,26.467603019876773
385125,AG,Windisch,47.4718781452098,8.21209460983055,26.467603019876773
385126,AG,Windisch,47.470290912081,8.21116069943945,18.176342305942768
385127,AG,Windisch,47.4719984991055,8.20985798281696,32.41276881499605
385128,AG,Windisch,47.4721558395796,8.21045434539921,28.57694733105132
385129,AG,Windisch,47.4725339391125,8.21086685714479,31.915110509409125
385130,AG,Windisch,47.47181905611,8.21079239929269,28.14613683325508
385131,AG,Windisch,47.4715666880276,8.21054330216512,29.796079386773265
385132,AG,Windisch,47.4713154565297,8.21054322686128,29.796079386773265
385133,AG,Windisch,47.4720450701724,8.20905045817702,29.33859713755873
385134,AG,Windisch,47.4714577677709,8.20919149697946,23.835318660420462
385135,AG,Windisch,47.4717530580046,8.20969483011941,28.57694733105132
385136,AG,Windisch,47.471161281328,8.20957301137475,31.915110509409125
385137,AG,Windisch,47.4728804165128,8.20939376805004,27.928966448947413
385138,AG,Windisch,47.4725782043314,8.2095693792872,25.195914898734912
385139,AG,Windisch,47.4727400273383,8.20994004427557,25.195914898734912
385140,AG,Windisch,47.4747826173191,8.21033206561676,28.79198590641361
385141,AG,Windisch,47.4749164244922,8.21069805692083,28.79198590641361
385142,AG,Windisch,47.4747551935121,8.20879083020865,32.41276881499605
385143,AG,Windisch,47.4747765122099,8.2091217314896,32.41276881499605
385144,AG,Windisch,47.4749569906828,8.20926141083004,29.796079386773265
385145,AG,Windisch,47.4748652367118,8.20968320721319,32.41276881499605
385146,AG,Windisch,47.4752470566449,8.2100547425213,32.41276881499605
385147,AG,Windisch,47.4762620106825,8.20975383057726,31.915110509409125
385148,AG,Windisch,47.4761182926872,8.20985592995881,31.915110509409125
385149,AG,Windisch,47.4757721773375,8.20992641336499,28.57694733105132
385150,AG,Windisch,47.4754210678004,8.21032251175926,29.33859713755873
385151,AG,Windisch,47.4759760687978,8.20892704728632,31.915110509409125
385152,AG,Windisch,47.475588647642,8.20902518272039,31.915110509409125
385211,AG,Windisch,47.475450136275,8.20941401703658,18.176342305942768
385212,AG,Windisch,47.4746277516609,8.20973809769354,23.835318660420462
385213,AG,Windisch,47.47466329301,8.20998182072205,32.41276881499605
385214,AG,Windisch,47.4742041484362,8.20942379048643,23.835318660420462
385215,AG,Windisch,47.4740103074869,8.20981315178146,32.41276881499605
385216,AG,Windisch,47.4742166525174,8.21001096662073,32.41276881499605
385217,AG,Windisch,47.4737446081723,8.20921136756798,25.75214740040053
385218,AG,Windisch,47.4734949088489,8.20883914751309,25.75214740040053
385219,AG,Windisch,47.4738524280972,8.20977407764271,31.915110509409125
385220,AG,Windisch,47.4736082166994,8.21034435449683,25.195914898734912
385221,AG,Windisch,47.4770459323687,8.2076108055316,21.911088530219825
385222,AG,Windisch,47.4766726801218,8.20726853257886,31.915110509409125
385223,AG,Windisch,47.4760381234405,8.20623711956668,21.911088530219825
385224,AG,Windisch,47.4763266586832,8.20683185482984,29.796079386773265
385225,AG,Windisch,47.4755298925005,8.20641519960558,31.915110509409125
385226,AG,Windisch,47.4753373261321,8.20653670019398,31.915110509409125
385227,AG,Windisch,47.4765080389119,8.20798743275996,31.915110509409125
385228,AG,Windisch,47.4759605768755,8.20779385434532,31.915110509409125
385229,AG,Windisch,47.4757061065419,8.20809989376329,29.33859713755873
385230,AG,Windisch,47.4751176967879,8.20700367360782,29.33859713755873
385231,AG,Windisch,47.475421135213,8.20818406090382,29.33859713755873
385232,AG,Windisch,47.4745508721294,8.20756146182596,29.33859713755873
385233,AG,Windisch,47.4740991177074,8.20727047226976,28.79198590641361
385234,AG,Windisch,47.4748940648736,8.20749203679586,29.33859713755873
385235,AG,Windisch,47.474815549175,8.20710782857953,29.33859713755873
385236,AG,Windisch,47.4741083393002,8.2079959369244,32.41276881499605
385237,AG,Windisch,47.4739429627689,8.20742401235804,23.835318660420462
385238,AG,Windisch,47.4736773614255,8.20849144910408,21.911088530219825
385239,AG,Windisch,47.4787931392473,8.21048312026417,21.911088530219825
385240,AG,Windisch,47.4786035161289,8.21083568996766,23.835318660420462
385241,AG,Windisch,47.4789444579459,8.21066434269854,28.36446806238157
385302,AG,Windisch,47.4789034972228,8.21133720459433,32.41276881499605
385303,AG,Windisch,47.4791381723615,8.21117913640076,26.467603019876773
385304,AG,Windisch,47.4792576660712,8.21130940459701,21.911088530219825
385305,AG,Windisch,47.4788135662882,8.21207078085055,23.835318660420462
385306,AG,Windisch,47.4791292262692,8.21194125003222,37.20741183162296
385307,AG,Windisch,47.478278279878,8.21149876703862,23.835318660420462
385308,AG,Windisch,47.4781732348893,8.21107816301004,23.835318660420462
385309,AG,Windisch,47.4781344717769,8.21352219219529,23.835318660420462
385310,AG,Windisch,47.4779867593145,8.21357422364321,29.796079386773265
385311,AG,Windisch,47.4779494034974,8.2133366388537,21.911088530219825
385312,AG,Windisch,47.4774537249293,8.21363458682191,23.835318660420462
385313,AG,Windisch,47.4774856016989,8.21380647197292,23.835318660420462
385314,AG,Windisch,47.4776335041922,8.21373279287278,21.911088530219825
385315,AG,Windisch,47.477988315497,8.21425522673354,29.796079386773265
385316,AG,Windisch,47.4786366466703,8.21387695750072,32.41276881499605
385317,AG,Windisch,47.478578245254496,8.21330191905931,23.835318660420462
385318,AG,Windisch,47.4775001058447,8.21477504398309,18.176342305942768
385319,AG,Windisch,47.477359217032,8.21434295859349,23.835318660420462
385320,AG,Windisch,47.4776313520117,8.21299386250868,31.915110509409125
385321,AG,Windisch,47.4778132455164,8.21254997104595,29.33859713755873
385322,AG,Windisch,47.4776043576627,8.21226897896209,31.915110509409125
385323,AG,Windisch,47.4775973769652,8.21224759741756,31.915110509409125
385324,AG,Windisch,47.4770442029847,8.213003812763,29.33859713755873
385325,AG,Windisch,47.4779676877683,8.21278953655103,16.70896248945162
385326,AG,Windisch,47.4778290356894,8.21180339193319,31.915110509409125
385327,AG,Windisch,47.4776276720288,8.21168980734232,29.796079386773265
385328,AG,Windisch,47.4769222339131,8.21219052695092,29.796079386773265
385329,AG,Windisch,47.4780322042804,8.21134617854861,29.796079386773265
385330,AG,Windisch,47.4779240347994,8.21112420403399,19.02683783224979
385331,AG,Windisch,47.4776757126525,8.21067723322519,32.41276881499605
385450,AG,Windisch,47.4772978293854,8.21111304451555,32.41276881499605
385451,AG,Windisch,47.4773223590685,8.21151572961474,21.911088530219825
385452,AG,Windisch,47.4767889857419,8.21190988388377,31.915110509409125
385453,AG,Windisch,47.4765530231386,8.21210296029243,29.796079386773265
385454,AG,Windisch,47.4760497637071,8.21167135723586,23.67317129560425
385455,AG,Windisch,47.4776959181859,8.21018411731403,23.835318660420462
385456,AG,Windisch,47.4770640332293,8.21123238141835,32.41276881499605
385457,AG,Windisch,47.480303063348,8.21166421985023,25.87389347393997
385458,AG,Windisch,47.4826546110241,8.21783948685252,28.14613683325508
385459,AG,Windisch,47.4827635474391,8.21890322578187,19.02683783224979
385460,AG,Windisch,47.4819706161296,8.22087404658071,22.81190154640312
385461,AG,Windisch,47.4769086106864,8.21390455923113,32.41276881499605
385462,AG,Windisch,47.4661536129977,8.22603101322602,32.41276881499605
385463,AG,Windisch,47.4817111001148,8.22458917545831,7.003565084105158
385464,AG,Windisch,47.4783317111509,8.21825566054548,23.835318660420462
385465,AG,Windisch,47.4822846443081,8.23305743474459,19.689251190780176
385466,AG,Windisch,47.4750781223547,8.213910077443,18.176342305942768
388513,AG,Windisch,47.4828408185541,8.22719602792395,21.911088530219825
388514,AG,Windisch,47.4830273046653,8.22746860154302,19.02683783224979
388515,AG,Windisch,47.483041037042,8.22842815319497,21.911088530219825
388516,AG,Windisch,47.4830244611212,8.22805873127033,29.796079386773265
388517,AG,Windisch,47.4822866366866,8.22553428238726,32.41276881499605
388518,AG,Windisch,47.4812802697759,8.22363566271948,21.911088530219825
388519,AG,Windisch,47.4807621820101,8.22293638885436,19.276591114544804
388520,AG,Windisch,47.4825927544731,8.22662505893206,23.835318660420462
388521,AG,Windisch,47.4822090391974,8.22730221661627,23.835318660420462
388522,AG,Windisch,47.4823965710698,8.22714262120685,21.734505242286463
388523,AG,Windisch,47.4845318717032,8.23531926950142,20.858327122840283
388524,AG,Windisch,47.4837999776588,8.22908689208528,32.41276881499605
388525,AG,Windisch,47.4842024603761,8.23123538400285,29.432212977694302
388526,AG,Windisch,47.4841527634268,8.23186627932587,26.26992455250224
388527,AG,Windisch,47.4825751756207,8.22955031758501,23.835318660420462
388528,AG,Windisch,47.481890621709,8.22793414742449,28.57694733105132
388646,AG,Windisch,47.4819009601141,8.22805364619281,26.26992455250224
388647,AG,Windisch,47.4822416086834,8.22845276130746,28.57694733105132
388648,AG,Windisch,47.4815898464885,8.22911188198218,23.835318660420462
388649,AG,Windisch,47.4841916321619,8.22614944220392,29.796079386773265
388650,AG,Windisch,47.4845239580093,8.22858029033648,18.176342305942768
388651,AG,Windisch,47.4839673362762,8.22855443260883,25.195914898734912
388652,AG,Windisch,47.4836706001702,8.22867073015466,25.195914898734912
388653,AG,Windisch,47.4838919804736,8.22645935048095,28.79198590641361
388654,AG,Windisch,47.4837152122291,8.22660231435289,28.79198590641361
388655,AG,Windisch,47.4833689039629,8.22707755282423,26.467603019876773
388656,AG,Windisch,47.4839869806064,8.22691114274602,28.79198590641361
388657,AG,Windisch,47.4840764985421,8.22739768523918,25.195914898734912
388658,AG,Windisch,47.484520444378,8.2228488432916,31.915110509409125
388659,AG,Windisch,47.4846381270347,8.22271069968123,31.915110509409125
388660,AG,Windisch,47.4834339108119,8.22429010567589,32.41276881499605
388661,AG,Windisch,47.4835668439303,8.22253626364186,28.79198590641361
388662,AG,Windisch,47.4838877502793,8.22584745236351,28.57694733105132
388663,AG,Windisch,47.4841650344407,8.22550927962873,23.835318660420462
388664,AG,Windisch,47.4841137114379,8.22523936869998,31.915110509409125
388665,AG,Windisch,47.4838348014695,8.22492989864321,31.915110509409125
388666,AG,Windisch,47.4840040266457,8.22473845381594,31.915110509409125
388667,AG,Windisch,47.4838394708411,8.2244394728151,31.915110509409125
388668,AG,Windisch,47.4839398691077,8.22394585563607,31.915110509409125
388669,AG,Windisch,47.484574623038,8.22441759614302,31.915110509409125
388670,AG,Windisch,47.4847129192687,8.22365797716081,31.915110509409125
388671,AG,Windisch,47.4808939739801,8.22111556010584,18.743242334795383
388672,AG,Windisch,47.4807190607334,8.22118996704091,18.743242334795383
388673,AG,Windisch,47.4804249536961,8.22030702212136,18.743242334795383
388674,AG,Windisch,47.4805163851529,8.22073274312306,24.149148192756645
388675,AG,Windisch,47.4798075090635,8.21912795014752,23.835318660420462
388676,AG,Windisch,47.4799439978484,8.22010690221363,21.911088530219825
388768,AG,Windisch,47.4797922209007,8.21993577886419,29.33859713755873
388769,AG,Windisch,47.4801741757358,8.22112006091006,21.911088530219825
388770,AG,Windisch,47.4799860731452,8.22189998359256,23.68039132960165
388771,AG,Windisch,47.4793317234253,8.22037316775523,29.796079386773265
388772,AG,Windisch,47.4791743905612,8.22048547250032,32.41276881499605
388773,AG,Windisch,47.4803064237831,8.22264862461219,29.796079386773265
388774,AG,Windisch,47.4804119733738,8.22302042516376,31.915110509409125
388775,AG,Windisch,47.4802086535504,8.22308036934778,32.41276881499605
388776,AG,Windisch,47.478981331896,8.22328068229403,23.835318660420462
388777,AG,Windisch,47.4786534006657,8.2206010564823,24.815241007252776
388778,AG,Windisch,47.4790028303496,8.22095699023822,32.41276881499605
388779,AG,Windisch,47.4787897170213,8.22200522855232,28.79198590641361
388780,AG,Windisch,47.4783826006474,8.21736565452009,27.928966448947413
388781,AG,Windisch,47.4779981614533,8.21983044715468,32.41276881499605
388782,AG,Windisch,47.478729519728,8.21648847818409,21.911088530219825
388783,AG,Windisch,47.4787294884142,8.2173294433511,19.02683783224979
388784,AG,Windisch,47.4787179773711,8.21751237499087,29.796079386773265
388785,AG,Windisch,47.47871,8.218945,28.36446806238157
388786,AG,Windisch,47.4786757868015,8.21931098222626,26.52022215066792
388787,AG,Windisch,47.4765849463503,8.2178677989123,29.33859713755873
388788,AG,Windisch,47.477243860292,8.21812142352422,26.467603019876773
388789,AG,Windisch,47.4778607204174,8.21887102012509,21.734505242286463
388790,AG,Windisch,47.4777029552984,8.21895024544462,29.796079386773265
388791,AG,Windisch,47.4765986257557,8.21725699122535,29.33859713755873
388792,AG,Windisch,47.4771964582922,8.21857574003381,16.70896248945162
388793,AG,Windisch,47.4769542910952,8.2194207171703,21.911088530219825
388794,AG,Windisch,47.4768104734578,8.21963098024512,21.911088530219825
388795,AG,Windisch,47.4768575190731,8.21989022539105,29.796079386773265
388796,AG,Windisch,47.4775087679188,8.21907540999079,28.79198590641361
388797,AG,Windisch,47.4769633679398,8.21866657068478,23.835318660420462
388798,AG,Windisch,47.4772431238649,8.2202772006323,23.835318660420462
388860,AG,Windisch,47.4783150496181,8.2212386351294,32.41276881499605
388861,AG,Windisch,47.4783599486527,8.22058648891693,19.02683783224979
388862,AG,Windisch,47.4747347077488,8.22050903844845,31.915110509409125
388863,AG,Windisch,47.474389333311,8.22057663596323,31.915110509409125
388864,AG,Windisch,47.4767907682371,8.22066742933932,29.796079386773265
388865,AG,Windisch,47.4765582299992,8.22073485593388,31.915110509409125
388866,AG,Windisch,47.475077485197,8.22098165696714,25.75214740040053
388867,AG,Windisch,47.4747078210898,8.22102862404636,25.75214740040053
388868,AG,Windisch,47.4745432177931,8.22014386098999,17.026984904974245
388869,AG,Windisch,47.4751953899828,8.21973926467242,31.915110509409125
388870,AG,Windisch,47.476685913193,8.22046606606138,31.915110509409125
388871,AG,Windisch,47.4766172474532,8.21997344862503,28.79198590641361
388872,AG,Windisch,47.4756760482996,8.21884733489964,28.57694733105132
388873,AG,Windisch,47.474978371362496,8.21991542560811,34.679410673082174
388874,AG,Windisch,47.4750591050544,8.22135359803999,28.57694733105132
388875,AG,Windisch,47.475638240968,8.2210217398995,23.835318660420462
388876,AG,Windisch,47.4760262280538,8.22107570747644,29.33859713755873
388877,AG,Windisch,47.4762815031639,8.22111760208761,28.57694733105132
388878,AG,Windisch,47.4768187142142,8.22085910591041,21.911088530219825
388879,AG,Windisch,47.4753380763001,8.22171132820329,28.57694733105132
388880,AG,Windisch,47.4772090232336,8.22255914492464,28.57694733105132
388881,AG,Windisch,47.4769406481291,8.2225763917485,28.57694733105132
388882,AG,Windisch,47.476871717982,8.22233547444446,18.176342305942768
388883,AG,Windisch,47.4766247094722,8.22216861730583,31.915110509409125
388884,AG,Windisch,47.4767007101111,8.22295533516344,25.75214740040053
388885,AG,Windisch,47.4767453984267,8.22366871953024,25.75214740040053
388886,AG,Windisch,47.4775968176335,8.22283003613662,25.75214740040053
388887,AG,Windisch,47.4779109542988,8.22337461768556,29.796079386773265
388888,AG,Windisch,47.4785028406624,8.22266162819179,23.835318660420462
388889,AG,Windisch,47.4782765338537,8.22303854115606,23.835318660420462
388979,AG,Windisch,47.4760388916737,8.22334299253923,26.467603019876773
388980,AG,Windisch,47.4761494659086,8.21483337960595,29.796079386773265
388981,AG,Windisch,47.4757013483108,8.21440637835928,32.41276881499605
388982,AG,Windisch,47.4755384637254,8.21429568413104,32.41276881499605
388983,AG,Windisch,47.4753159675545,8.21400721568345,32.41276881499605
388984,AG,Windisch,47.4753233333648,8.21459532556734,31.915110509409125
388985,AG,Windisch,47.4754633628288,8.21499848845435,26.467603019876773
388986,AG,Windisch,47.4756947535994,8.21554545488102,29.796079386773265
388987,AG,Windisch,47.4762229635395,8.21533835434553,32.41276881499605
388988,AG,Windisch,47.4760116642494,8.21558005033486,20.690228126797223
388989,AG,Windisch,47.4739692632658,8.21387131912175,23.67317129560425
388990,AG,Windisch,47.476527184194,8.21668286808804,32.41276881499605
388991,AG,Windisch,47.4749185739083,8.21491496345043,21.734505242286463
388992,AG,Windisch,47.4742097104601,8.21398420004624,26.467603019876773
388993,AG,Windisch,47.474921777899,8.21370105931279,21.911088530219825
388994,AG,Windisch,47.4755647985153,8.21768230916515,32.41276881499605
388995,AG,Windisch,47.475984120625,8.21752014901718,27.928966448947413
388996,AG,Windisch,47.4750314187321,8.21841879044004,29.33859713755873
388997,AG,Windisch,47.4753503415899,8.21752370179245,31.915110509409125
388998,AG,Windisch,47.4759120769732,8.21721502733862,16.70896248945162
388999,AG,Windisch,47.4756487148394,8.21716908008954,31.915110509409125
389000,AG,Windisch,47.474579744242,8.21639601282956,28.79198590641361
389001,AG,Windisch,47.47458,8.216396,28.79198590641361
389002,AG,Windisch,47.4745884006772,8.2173588357734,28.57694733105132
389003,AG,Windisch,47.4741649856839,8.217169370136,28.57694733105132
389004,AG,Windisch,47.4738116223915,8.21658461222841,22.81190154640312
389005,AG,Windisch,47.4751024464291,8.21816920499698,28.79198590641361
389006,AG,Windisch,47.4745367300673,8.21809628607587,28.57694733105132
389007,AG,Windisch,47.473970550146,8.21771938534036,28.57694733105132
389008,AG,Windisch,47.4744170806831,8.21773366954622,25.75214740040053
389095,AG,Windisch,47.4738408422536,8.21722059738253,28.57694733105132
389096,AG,Windisch,47.473509919025,8.21737047587889,32.41276881499605
389097,AG,Windisch,47.4745237626208,8.21964807253224,28.79198590641361
389098,AG,Windisch,47.4740129025376,8.21992330029342,29.796079386773265
389099,AG,Windisch,47.4731628955415,8.22007765242598,31.915110509409125
389100,AG,Windisch,47.4733258781472,8.22037153537604,28.79198590641361
389101,AG,Windisch,47.4738635101304,8.22026370039334,32.41276881499605
389102,AG,Windisch,47.4741446494101,8.21960252513056,28.79198590641361
389103,AG,Windisch,47.4736399938989,8.21945669002091,30.657479174215197
389104,AG,Windisch,47.4745845356526,8.21883066959598,31.915110509409125
389105,AG,Windisch,47.473574973117,8.21861475889885,28.79198590641361
389106,AG,Windisch,47.4735763075807,8.21780081068571,32.41276881499605
389107,AG,Windisch,47.4734719975819,8.21907097472984,28.79198590641361
389108,AG,Windisch,47.4733527209948,8.21842516989499,31.915110509409125
389109,AG,Windisch,47.4743718567442,8.21944926649245,28.79198590641361
389110,AG,Windisch,47.4744396963538,8.21914859079518,28.79198590641361
389111,AG,Windisch,47.4737860677553,8.2190398286816,28.79198590641361
389112,AG,Windisch,47.4735915897346,8.21849668401825,28.79198590641361
389113,AG,Windisch,47.473029039404,8.21946462701545,31.915110509409125
389114,AG,Windisch,47.4727954887812,8.21962219284288,28.79198590641361
389115,AG,Windisch,47.4723618536289,8.21971760304925,32.41276881499605
389116,AG,Windisch,47.4716165808232,8.21988479317106,26.26992455250224
389117,AG,Windisch,47.4711195200127,8.22026615595584,28.57694733105132
389118,AG,Windisch,47.4709549195437,8.22114124675459,28.57694733105132
389119,AG,Windisch,47.4730017253176,8.21824316832569,31.915110509409125
389120,AG,Windisch,47.472830412211,8.21818653481736,31.915110509409125
389121,AG,Windisch,47.4724552372852,8.218154428708,31.915110509409125
389122,AG,Windisch,47.472042276393,8.21848430237364,31.915110509409125
389123,AG,Windisch,47.4718890224369,8.21806062645574,31.915110509409125
389124,AG,Windisch,47.4728212668573,8.21776269473377,31.915110509409125
389125,AG,Windisch,47.4733268055119,8.21766670186215,32.41276881499605
389184,AG,Windisch,47.4726237191123,8.2177952618045,31.915110509409125
389185,AG,Windisch,47.4724326601562,8.21776444777378,31.915110509409125
389186,AG,Windisch,47.4728484144727,8.21723424193882,35.58315819305118
389187,AG,Windisch,47.4721027124327,8.21759149049516,31.915110509409125
389188,AG,Windisch,47.4722446349219,8.2173000940368,29.33859713755873
389189,AG,Windisch,47.4738576256895,8.21274203493875,26.467603019876773
389190,AG,Windisch,47.4734159554105,8.21366960479575,20.741030332317678
389191,AG,Windisch,47.4731476103197,8.21415533636405,25.007734282698745
389192,AG,Windisch,47.4728603566866,8.21397524752435,25.007734282698745
389193,AG,Windisch,47.4724208951564,8.21479186874686,25.007734282698745
389194,AG,Windisch,47.4728878541715,8.21212481791795,19.689251190780176
389195,AG,Windisch,47.4725701784872,8.21192719956542,29.33859713755873
389196,AG,Windisch,47.4709562197285,8.21091002641259,26.467603019876773
389197,AG,Windisch,47.4731973048227,8.21284099758707,26.26992455250224
389198,AG,Windisch,47.4727713467763,8.21257474106584,26.26992455250224
389199,AG,Windisch,47.4717493510051,8.21254056519267,26.467603019876773
389200,AG,Windisch,47.4718137669269,8.2123188416352,26.467603019876773
389201,AG,Windisch,47.4715161931206,8.21115282908303,22.98355874802847
389202,AG,Windisch,47.4713,8.211355,22.98355874802847
389203,AG,Windisch,47.4722446716132,8.21068857639344,28.57694733105132
389204,AG,Windisch,47.472297768461,8.21083919424869,31.915110509409125
389205,AG,Windisch,47.4723417828829,8.21126447665119,32.41276881499605
389206,AG,Windisch,47.4716633160216,8.20946998169608,28.57694733105132
389207,AG,Windisch,47.4712868139898,8.2093977645856,34.87588226653942
389208,AG,Windisch,47.4730101417525,8.20967759641389,27.928966448947413
389209,AG,Windisch,47.4723462406012,8.20930698271501,27.928966448947413
389210,AG,Windisch,47.4733188299096,8.2102472977651,25.195914898734912
389211,AG,Windisch,47.4726019547502,8.21005874718525,25.195914898734912
389212,AG,Windisch,47.4730709918187,8.21065701194835,25.195914898734912
389213,AG,Windisch,47.4729226097852,8.21078397463079,25.195914898734912
389301,AG,Windisch,47.4744276249277,8.21057509996766,31.915110509409125
389302,AG,Windisch,47.4748959317989,8.20884042616892,32.41276881499605
389303,AG,Windisch,47.4749701681617,8.2090464236945,29.796079386773265
389304,AG,Windisch,47.4748577748091,8.20937605327913,32.41276881499605
389305,AG,Windisch,47.4748847550234,8.20992214877259,29.796079386773265
389306,AG,Windisch,47.4761289554814,8.20846186814197,31.915110509409125
389307,AG,Windisch,47.4762707931131,8.20943311991082,31.915110509409125
389308,AG,Windisch,47.4759630405815,8.20989775128785,31.915110509409125
389309,AG,Windisch,47.4757767083651,8.20892022160391,31.915110509409125
389310,AG,Windisch,47.4758393531481,8.20928668474971,31.915110509409125
389311,AG,Windisch,47.4744586754883,8.20885700868668,32.41276881499605
389312,AG,Windisch,47.4742257670969,8.20921899756433,23.835318660420462
389313,AG,Windisch,47.4743999678943,8.20967739506133,23.835318660420462
389314,AG,Windisch,47.4743626029753,8.21029602059318,32.41276881499605
389315,AG,Windisch,47.4743442603534,8.21020335654926,32.41276881499605
389316,AG,Windisch,47.4741232661316,8.20949337991768,23.835318660420462
389317,AG,Windisch,47.47412600191,8.21069179058394,25.195914898734912
389318,AG,Windisch,47.4735735734697,8.2090974048784,25.75214740040053
389319,AG,Windisch,47.4735475014234,8.20901859970106,25.75214740040053
389320,AG,Windisch,47.4735782641919,8.20951557302598,28.79198590641361
389321,AG,Windisch,47.4730515347843,8.20899652314758,32.41276881499605
389322,AG,Windisch,47.4762761774731,8.20721474123354,21.911088530219825
389323,AG,Windisch,47.4760176155645,8.20693286230628,31.915110509409125
389324,AG,Windisch,47.4757368787431,8.20643988958298,29.33859713755873
389325,AG,Windisch,47.4756433969815,8.20673324015511,31.915110509409125
389326,AG,Windisch,47.4756214630537,8.20775158186205,29.33859713755873
389327,AG,Windisch,47.4745073426613,8.207387577736,31.915110509409125
389328,AG,Windisch,47.4742310406711,8.20747877036409,32.41276881499605
389329,AG,Windisch,47.4748499786105,8.20834689599228,26.467603019876773
389330,AG,Windisch,47.4742343663434,8.20831297283162,32.41276881499605
389331,AG,Windisch,47.4731740564412,8.2078751641424,26.467603019876773
389394,AG,Windisch,47.4729159899853,8.20858535420485,21.911088530219825
389395,AG,Windisch,47.4726323841909,8.20859393328442,23.835318660420462
389396,AG,Windisch,47.4730485373732,8.20818541297935,21.911088530219825
389397,AG,Windisch,47.4727948884387,8.20780608825078,23.835318660420462
389398,AG,Windisch,47.4784740935616,8.21001427739515,23.835318660420462
389399,AG,Windisch,47.4783111244964,8.21054461359088,20.858327122840283
389400,AG,Windisch,47.4784911833299,8.21041237866644,29.796079386773265
389401,AG,Windisch,47.4784457186625,8.21094758998227,23.835318660420462
389402,AG,Windisch,47.4790996807399,8.21085488335857,19.02683783224979
389403,AG,Windisch,47.4783558109719,8.21162281235035,23.835318660420462
389404,AG,Windisch,47.4785442669554,8.21156945645072,29.796079386773265
389405,AG,Windisch,47.4787352205304,8.21145453704741,32.41276881499605
389406,AG,Windisch,47.4789797137674,8.21204339748891,32.41276881499605
389407,AG,Windisch,47.4785880342531,8.21219697678156,29.796079386773265
389408,AG,Windisch,47.4784291135493,8.21309555448148,23.835318660420462
389409,AG,Windisch,47.4777751719292,8.21339056646455,32.41276881499605
389410,AG,Windisch,47.4773747423582,8.21393727328219,29.796079386773265
389411,AG,Windisch,47.4771454117066,8.21372239370812,23.835318660420462
389412,AG,Windisch,47.4785548694021,8.21395221128073,32.41276881499605
389413,AG,Windisch,47.4783568918882,8.21409082012199,32.41276881499605
389414,AG,Windisch,47.47799,8.214283,29.796079386773265
389415,AG,Windisch,47.4777055123837,8.21419632587648,28.79198590641361
389416,AG,Windisch,47.4786279455269,8.2136719331578,33.0653356797282
389417,AG,Windisch,47.4782158199286,8.21292483475085,32.41276881499605
389418,AG,Windisch,47.477246962657,8.21320163897789,31.915110509409125
389419,AG,Windisch,47.4783198167231,8.21255972615509,27.71398742802516
389420,AG,Windisch,47.4782052307704,8.21209360774494,26.467603019876773
389421,AG,Windisch,47.4771935773565,8.2125108040641,31.915110509409125
389422,AG,Windisch,47.476854181202,8.21283122087126,31.915110509409125
389423,AG,Windisch,47.4774839647107,8.21172675082499,29.796079386773265
389514,AG,Windisch,47.4772604383163,8.21196074031119,29.796079386773265
389515,AG,Windisch,47.4770959245218,8.21195763327098,32.41276881499605
389516,AG,Windisch,47.4775940237524,8.21106183540598,23.835318660420462
389517,AG,Windisch,47.4778358926132,8.21008233299268,23.835318660420462
389518,AG,Windisch,47.4770820836888,8.21084023979156,31.915110509409125
389519,AG,Windisch,47.4769110636794,8.2109643755961,31.915110509409125
389520,AG,Windisch,47.4824074447444,8.23318723905298,21.911088530219825
389521,AG,Windisch,47.482388077569,8.23026053758621,19.431570583997768
389522,AG,Windisch,47.4824753430348,8.2122782599075,26.97008621499852
389523,AG,Windisch,47.4689104500519,8.22923716014822,15.783712295336366
389524,AG,Windisch,47.4683970279587,8.21289884594611,20.40965912876556
389525,AG,Windisch,47.4685914877916,8.21150435262556,21.879268396556743
389526,AG,Windisch,47.4848513807148,8.22648649285259,22.98355874802847
389527,AG,Windisch,47.4824975450715,8.21995197703228,21.879268396556743
389528,AG,Windisch,47.4738166989941,8.20489919646799,31.915110509409125
389529,AG,Windisch,47.4740233088302,8.20509630537444,31.915110509409125
389530,AG,Windisch,47.4742689133596,8.20530498835297,29.33859713755873
389531,AG,Windisch,47.47739,8.226723,21.911088530219825
389532,AG,Windisch,47.4659167373985,8.22570799309336,23.835318660420462
389533,AG,Windisch,47.4726611451728,8.22459195074206,17.524564516752697
389534,AG,Windisch,47.4737424977586,8.22531532617717,23.38174180469223
389535,AG,Windisch,47.4760264638417,8.21187404898562,19.50212737190957
389536,AG,Windisch,47.4689196458505,8.22953949394337,19.50212737190957
389537,AG,Windisch,47.4824712523123,8.23325128178515,19.689251190780176
389583,AG,Windisch,47.4823120802342,8.22750801912785,20.858327122840283
389584,AG,Windisch,47.4831825687172,8.22948035984324,21.911088530219825
389585,AG,Windisch,47.4832390915888,8.22939313816981,23.835318660420462
389586,AG,Windisch,47.4831368024793,8.22891560509994,29.796079386773265
389587,AG,Windisch,47.482871261533,8.22677241372141,23.835318660420462
389588,AG,Windisch,47.4825479723877,8.22609738557381,20.858327122840283
389589,AG,Windisch,47.4811778401902,8.22393032840888,21.54965343224768
389590,AG,Windisch,47.4815297246338,8.22473012121214,29.796079386773265
389591,AG,Windisch,47.4820091322487,8.22620768225051,31.915110509409125
389592,AG,Windisch,47.4821055200734,8.22749536399453,23.835318660420462
389593,AG,Windisch,47.4818151077052,8.22744931761422,29.796079386773265
389594,AG,Windisch,47.4816862108914,8.22714794990853,21.911088530219825
389595,AG,Windisch,47.4826814533786,8.22672870983535,32.41276881499605
389596,AG,Windisch,47.484122024653,8.23485098962449,20.858327122840283
389597,AG,Windisch,47.4847705594784,8.23559065890353,20.858327122840283
389598,AG,Windisch,47.4836679553429,8.22956407985049,22.362281624841675
389599,AG,Windisch,47.4828384589586,8.22876656384986,26.26992455250224
389600,AG,Windisch,47.482785935428,8.22866714814912,26.26992455250224
389601,AG,Windisch,47.4827444670598,8.22858866147499,26.26992455250224
389602,AG,Windisch,47.4827306412304,8.22856250365527,26.26992455250224
389603,AG,Windisch,47.482750590608,8.22930182452622,21.911088530219825
389663,AG,Windisch,47.4822974480998,8.22840233558544,26.26992455250224
389664,AG,Windisch,47.4823701697061,8.22840865584284,28.57694733105132
389665,AG,Windisch,47.482110575583,8.22864695757737,28.791122379683117
389666,AG,Windisch,47.4842011024809,8.22637038420974,23.835318660420462
389667,AG,Windisch,47.4838191694384,8.2286153908089,25.007734282698745
389668,AG,Windisch,47.4833659885824,8.2268491748191,28.57694733105132
389669,AG,Windisch,47.4835762497394,8.22695500012201,28.79198590641361
389670,AG,Windisch,47.4842019311204,8.22285739091652,31.915110509409125
389671,AG,Windisch,47.4843575646873,8.22266824570705,31.915110509409125
389672,AG,Windisch,47.4844710295325,8.22246089728353,31.915110509409125
389673,AG,Windisch,47.4845826133098,8.22223240988285,31.915110509409125
389674,AG,Windisch,47.4830297788348,8.22599899351914,28.79198590641361
389675,AG,Windisch,47.4832243407254,8.22547309099935,29.796079386773265
389676,AG,Windisch,47.482901738228,8.2257087273932,18.176342305942768
389677,AG,Windisch,47.4835437306812,8.22463494030652,32.41276881499605
389678,AG,Windisch,47.4845914717314,8.22309071587065,31.915110509409125
389679,AG,Windisch,47.4837202477159,8.22597708790612,28.57694733105132
389680,AG,Windisch,47.484532978682,8.22512113376252,23.835318660420462
389681,AG,Windisch,47.4844942898964,8.2238547095635,31.915110509409125
389682,AG,Windisch,47.483513335606,8.22402032505101,31.915110509409125
389683,AG,Windisch,47.4847845196305,8.22397823830527,31.915110509409125
389684,AG,Windisch,47.4805440084909,8.22126496848589,18.743242334795383
389685,AG,Windisch,47.4804283744033,8.22003876185811,18.743242334795383
389686,AG,Windisch,47.4807944952299,8.22000087226521,18.743242334795383
389687,AG,Windisch,47.4791142424468,8.21882844959602,20.69777328526305
389688,AG,Windisch,47.47994,8.22047,21.911088530219825
389689,AG,Windisch,47.4805139358552,8.22226032710665,25.87389347393997
389690,AG,Windisch,47.4792763151053,8.22012442766476,29.796079386773265
389691,AG,Windisch,47.4790686177165,8.2202135052887,29.796079386773265
389692,AG,Windisch,47.479418463768,8.22078095332433,16.70896248945162
389693,AG,Windisch,47.4797171761307,8.22294704395698,29.796079386773265
389811,AG,Windisch,47.4793802265532,8.22313043405436,21.911088530219825
389812,AG,Windisch,47.4790517026867,8.22285208645696,29.33859713755873
389813,AG,Windisch,47.4788362432638,8.21970895061239,19.02683783224979
389814,AG,Windisch,47.4787122880244,8.21983876801731,20.69777328526305
389815,AG,Windisch,47.4786684129044,8.22159782609922,29.796079386773265
389816,AG,Windisch,47.4785315585562,8.21842517028407,25.87389347393997
389817,AG,Windisch,47.478279269993,8.21993213972922,32.41276881499605
389818,AG,Windisch,47.4782006676834,8.21968554555207,28.57694733105132
389819,AG,Windisch,47.47819437906,8.21941906449178,23.835318660420462
389820,AG,Windisch,47.4786575663351,8.21686833940441,29.33859713755873
389821,AG,Windisch,47.4787040879382,8.21894601983103,28.36446806238157
389822,AG,Windisch,47.4775279166805,8.21744050993419,29.33859713755873
389823,AG,Windisch,47.4777436181258,8.21732585645861,29.796079386773265
389824,AG,Windisch,47.477295923586,8.21739911865852,27.928966448947413
389825,AG,Windisch,47.47655670652,8.21841513770632,28.79198590641361
389826,AG,Windisch,47.4767406736419,8.21845586888959,32.41276881499605
389827,AG,Windisch,47.477532638512,8.21782688360922,28.79198590641361
389828,AG,Windisch,47.4777712632852,8.21892155567783,23.835318660420462
389829,AG,Windisch,47.4764624875762,8.21750019264146,31.915110509409125
389830,AG,Windisch,47.4763019857873,8.21761599557604,31.915110509409125
389831,AG,Windisch,47.4772482407717,8.2192254575539,21.911088530219825
389832,AG,Windisch,47.4768733602665,8.2195739541962,23.835318660420462
389833,AG,Windisch,47.4776298178965,8.21877998035411,32.41276881499605
389834,AG,Windisch,47.4775693622469,8.21852828379032,29.796079386773265
389835,AG,Windisch,47.4764622799455,8.21934187215175,31.915110509409125
389836,AG,Windisch,47.4762780771438,8.21912268623053,31.915110509409125
389837,AG,Windisch,47.4760178773266,8.21836989726238,29.33859713755873
389838,AG,Windisch,47.4777635138163,8.21958269213706,26.26992455250224
389839,AG,Windisch,47.4772510146896,8.22090138678376,29.33859713755873
389840,AG,Windisch,47.4774379213859,8.22098082992279,23.835318660420462
389841,AG,Windisch,47.4779607841083,8.22110064927093,31.915110509409125
389988,AG,Windisch,47.4774387206653,8.22051099629882,28.57694733105132
389989,AG,Windisch,47.4783339812609,8.22107251794444,27.928966448947413
389990,AG,Windisch,47.4751015037613,8.22052180338105,31.915110509409125
389991,AG,Windisch,47.4750164970238,8.22077088844695,29.33859713755873
389992,AG,Windisch,47.4747453704884,8.22072811350947,31.915110509409125
389993,AG,Windisch,47.4762946935409,8.22074154308458,28.57694733105132
389994,AG,Windisch,47.4747689931358,8.2212334113013,25.75214740040053
389995,AG,Windisch,47.4758480689619,8.22052286205965,28.57694733105132
389996,AG,Windisch,47.4764098307927,8.21966233986854,21.418359734617923
389997,AG,Windisch,47.4758088876091,8.21913144626802,29.796079386773265
389998,AG,Windisch,47.4762255182831,8.21948218160036,31.915110509409125
389999,AG,Windisch,47.476295027166,8.22077337446809,23.835318660420462
390000,AG,Windisch,47.4757864844409,8.22110861224042,18.176342305942768
390001,AG,Windisch,47.4764033294632,8.22126841696821,32.41276881499605
390002,AG,Windisch,47.4764334471666,8.22109210902798,31.915110509409125
390003,AG,Windisch,47.4772548211716,8.22115799614049,28.79198590641361
390004,AG,Windisch,47.4756880167248,8.22154187819119,25.75214740040053
390005,AG,Windisch,47.4755381437597,8.22167739158364,25.75214740040053
390006,AG,Windisch,47.4751521811232,8.22186004068865,23.835318660420462
390007,AG,Windisch,47.4771038031235,8.22342794790558,23.67317129560425
390008,AG,Windisch,47.4767301377337,8.22343082193526,21.418359734617923
390009,AG,Windisch,47.4784497107622,8.22207962695678,23.67317129560425
390010,AG,Windisch,47.4784991392161,8.22206172763019,26.26992455250224
390011,AG,Windisch,47.4780693018238,8.2225287000908,26.72929138300562
390012,AG,Windisch,47.4786721328712,8.22285560731549,23.835318660420462
390013,AG,Windisch,47.4786795550741,8.22265745226106,23.835318660420462
390014,AG,Windisch,47.4784054120295,8.22334157731697,29.796079386773265
390015,AG,Windisch,47.4756868374676,8.22222273287091,26.467603019876773
390016,AG,Windisch,47.4758628050334,8.22214419948442,26.467603019876773
390017,AG,Windisch,47.4759230299489,8.22253244058444,26.467603019876773
390018,AG,Windisch,47.4759845937944,8.22294058878028,26.467603019876773
390107,AG,Windisch,47.476996912139,8.21619893302266,32.41276881499605
390108,AG,Windisch,47.476946166875,8.21610098634387,29.796079386773265
390109,AG,Windisch,47.4763364305663,8.21505367816673,32.41276881499605
390110,AG,Windisch,47.4759855720531,8.21465593804769,32.41276881499605
390111,AG,Windisch,47.4756239618068,8.21476181087477,26.467603019876773
390112,AG,Windisch,47.4750898645363,8.21499528181516,31.915110509409125
390113,AG,Windisch,47.4753029241736,8.21523532614618,26.467603019876773
390114,AG,Windisch,47.475754827585,8.21510027512621,28.57694733105132
390115,AG,Windisch,47.4748746928038,8.2138030671984,25.75214740040053
390116,AG,Windisch,47.4757596275825,8.21742946420527,18.176342305942768
390117,AG,Windisch,47.4755609288521,8.21800869816223,29.33859713755873
390118,AG,Windisch,47.475505758458,8.21734015454698,31.915110509409125
390119,AG,Windisch,47.4753094997747,8.21713562167552,21.734505242286463
390120,AG,Windisch,47.4751719198578,8.21773484997547,31.915110509409125
390121,AG,Windisch,47.4747893876014,8.21709167728559,26.26992455250224
390122,AG,Windisch,47.4739125326907,8.21686402242284,28.57694733105132
390123,AG,Windisch,47.4747911025146,8.21828709138652,25.007734282698745
390124,AG,Windisch,47.4740941445143,8.21789948977556,28.57694733105132
390125,AG,Windisch,47.472752804426,8.2167926882474,31.915110509409125
390126,AG,Windisch,47.4747393308703,8.21919075404981,28.79198590641361
390127,AG,Windisch,47.4740820863313,8.22068148662798,29.796079386773265
390128,AG,Windisch,47.4742974982728,8.21987081896585,23.835318660420462
390129,AG,Windisch,47.4739104177582,8.21977836416316,32.41276881499605
390130,AG,Windisch,47.4730790093672,8.22040334205067,29.33859713755873
390131,AG,Windisch,47.4734794958366,8.22038189726636,28.57694733105132
390132,AG,Windisch,47.4736966209759,8.21985159797976,32.41276881499605
390133,AG,Windisch,47.4738119245948,8.2206529879642,29.796079386773265
390134,AG,Windisch,47.4739060172209,8.21951337828938,28.79198590641361
390135,AG,Windisch,47.4748757403497,8.2187370075848,28.57694733105132
390136,AG,Windisch,47.4744243924487,8.21846586575872,28.79198590641361
390137,AG,Windisch,47.4741833348762,8.21830001037365,28.57694733105132
390256,AG,Windisch,47.473861362874,8.21801531565737,29.33859713755873
390257,AG,Windisch,47.4737149441246,8.2175647305289,32.41276881499605
390258,AG,Windisch,47.4726283262007,8.21994630020223,32.41276881499605
390259,AG,Windisch,47.4725601996707,8.21965345626559,31.915110509409125
390260,AG,Windisch,47.4718982099621,8.22016926626868,28.57694733105132
390261,AG,Windisch,47.4713180202989,8.22083044618856,28.57694733105132
390262,AG,Windisch,47.4710582984033,8.22126012439842,28.57694733105132
390263,AG,Windisch,47.471037853858,8.22062394076233,28.57694733105132
390264,AG,Windisch,47.4727984132667,8.21924458819815,28.57694733105132
390265,AG,Windisch,47.472566403913,8.21897616453543,28.79198590641361
390266,AG,Windisch,47.4714983432358,8.21905354794034,28.79198590641361
390267,AG,Windisch,47.4724579718977,8.21854967750512,31.915110509409125
390268,AG,Windisch,47.4726430923009,8.21817215709611,31.915110509409125
390269,AG,Windisch,47.4722293890551,8.21817421608993,31.915110509409125
390270,AG,Windisch,47.4718391597756,8.21839685179507,29.33859713755873
390271,AG,Windisch,47.4728671786816,8.2152065228404,23.5035296976152
390272,AG,Windisch,47.4730090925873,8.2140686162434,25.007734282698745
390273,AG,Windisch,47.4724687157999,8.21357045990018,23.68039132960165
390274,AG,Windisch,47.4723864002121,8.21385642122652,23.68039132960165
390275,AG,Windisch,47.4721342331734,8.21461221203923,25.007734282698745
390276,AG,Windisch,47.4719851437048,8.2145179759201,25.007734282698745
390277,AG,Windisch,47.4716783119366,8.21378430395962,19.603707614304664
390278,AG,Windisch,47.4715265900127,8.21368818876073,19.603707614304664
390279,AG,Windisch,47.4716842279982,8.21276574020304,26.467603019876773
390280,AG,Windisch,47.4721541756998,8.20962011967281,29.796079386773265
390281,AG,Windisch,47.4721504605622,8.21110305697203,31.915110509409125
390282,AG,Windisch,47.4713388030906,8.21019421033446,29.796079386773265
390283,AG,Windisch,47.4715611532865,8.20969211625669,29.796079386773265
390284,AG,Windisch,47.4714276975927,8.20961462354123,31.915110509409125
390285,AG,Windisch,47.4711117264801,8.20946834708507,31.915110509409125
390440,AG,Windisch,47.4724915445974,8.20918412487617,27.928966448947413
390441,AG,Windisch,47.4731466257558,8.20995397591053,25.195914898734912
390442,AG,Windisch,47.4724329873035,8.20969262224083,25.195914898734912
390443,AG,Windisch,47.4728983744841,8.21138181311518,21.88430998977031
390444,AG,Windisch,47.47341979824,8.21121338623944,21.291983209154413
390445,AG,Windisch,47.4750772736789,8.21053584921177,31.915110509409125
390446,AG,Windisch,47.4752400453458,8.21044546551394,31.915110509409125
390447,AG,Windisch,47.4748413398992,8.20927773839992,29.796079386773265
390448,AG,Windisch,47.4750312398479,8.20948563717241,32.41276881499605
390449,AG,Windisch,47.4751390265768,8.20974664653267,32.41276881499605
390450,AG,Windisch,47.4761683905678,8.20875480592272,31.915110509409125
390451,AG,Windisch,47.476040275336,8.20921697358318,31.915110509409125
390452,AG,Windisch,47.4760780862791,8.20949823996017,31.915110509409125
390453,AG,Windisch,47.4753494902675,8.20916653572024,31.915110509409125
390454,AG,Windisch,47.4755993630362,8.20875162613271,29.33859713755873
390455,AG,Windisch,47.4745731645245,8.20910989924816,29.796079386773265
390456,AG,Windisch,47.4742070690022,8.20975105247306,23.835318660420462
390457,AG,Windisch,47.4739148547427,8.20879226726619,23.835318660420462
390458,AG,Windisch,47.4738265989064,8.20914143607294,25.75214740040053
390459,AG,Windisch,47.4735665265983,8.20893313783611,25.75214740040053
390460,AG,Windisch,47.4737602194533,8.20998575231586,32.41276881499605
390461,AG,Windisch,47.4737131514371,8.20966983258847,31.915110509409125
390462,AG,Windisch,47.4735301942567,8.20986997710448,32.41276881499605
390463,AG,Windisch,47.4733199757754,8.20963248430964,37.61453191418256
390464,AG,Windisch,47.4735393818093,8.21056167258133,25.195914898734912
390465,AG,Windisch,47.473834582961,8.21070125348661,25.195914898734912
390466,AG,Windisch,47.4738755097944,8.21049452709096,25.195914898734912
390467,AG,Windisch,47.4767740644796,8.20742439426023,31.915110509409125
390468,AG,Windisch,47.4758854588741,8.20675558539829,31.915110509409125
390469,AG,Windisch,47.4745549017329,8.20829781544147,26.467603019876773
390561,AG,Windisch,47.4744053028233,8.20788835712629,31.915110509409125
390562,AG,Windisch,47.4746952994187,8.20793587601922,23.835318660420462
390563,AG,Windisch,47.4740176453141,8.20773788950036,32.41276881499605
390564,AG,Windisch,47.4734900740176,8.20822176490409,23.835318660420462
390565,AG,Windisch,47.4736456290865,8.20809504338648,23.835318660420462
390566,AG,Windisch,47.4734500891062,8.20771220335087,23.835318660420462
390567,AG,Windisch,47.4738204406545,8.20860427598706,23.785088783829774
390568,AG,Windisch,47.4725316436643,8.20840504619503,21.911088530219825
390569,AG,Windisch,47.4731996759618,8.2084943825065,23.835318660420462
390570,AG,Windisch,47.472904071643,8.20786022486422,23.835318660420462
390571,AG,Windisch,47.4781153690827,8.21004818872657,27.71398742802516
390572,AG,Windisch,47.4783322766074,8.21013207627086,23.835318660420462
390573,AG,Windisch,47.4786683723201,8.21027751414323,29.796079386773265
390574,AG,Windisch,47.4792914295864,8.21175426957669,29.796079386773265
390575,AG,Windisch,47.4783205265304,8.21313419989885,29.796079386773265
390576,AG,Windisch,47.4781268522256,8.21323069798975,21.911088530219825
390577,AG,Windisch,47.4778144778919,8.2136660029284,32.41276881499605
390578,AG,Windisch,47.4781618777762,8.21417774302713,32.41276881499605
390579,AG,Windisch,47.4777338462256,8.214561247151423,18.176342305942768
390580,AG,Windisch,47.4780818668626,8.21384954553657,29.796079386773265
390581,AG,Windisch,47.478800099693,8.21432447896163,29.796079386773265
390582,AG,Windisch,47.4784236592705,8.21278273023907,29.796079386773265
390583,AG,Windisch,47.4775479304908,8.21501630953428,29.796079386773265
390584,AG,Windisch,47.4771854585454,8.21406167766786,31.915110509409125
390585,AG,Windisch,47.4780097582157,8.21276612207208,16.70896248945162
390586,AG,Windisch,47.4778498148566,8.21282336393683,31.915110509409125
390587,AG,Windisch,47.4777966521908,8.21315505962144,20.858327122840283
390588,AG,Windisch,47.4775967599964,8.21325061709902,32.41276881499605
390589,AG,Windisch,47.4774435635073,8.21311136731331,31.915110509409125
390590,AG,Windisch,47.4779399241707,8.21201399738391,31.915110509409125
390591,AG,Windisch,47.4774477858325,8.21276378459353,29.33859713755873
390713,AG,Windisch,47.4772145589513,8.21258247117026,31.915110509409125
390714,AG,Windisch,47.4772398778013,8.21266460257563,31.915110509409125
390715,AG,Windisch,47.4773298998296,8.21213880847711,29.796079386773265
390716,AG,Windisch,47.477297140932,8.21193568200732,29.796079386773265
390717,AG,Windisch,47.4777831386902,8.21085571930756,21.911088530219825
390718,AG,Windisch,47.4774493956393,8.21079592519697,32.41276881499605
390719,AG,Windisch,47.4763453137836,8.21222167539684,29.796079386773265
390720,AG,Windisch,47.4775324614788,8.21031931147784,23.835318660420462
390721,AG,Windisch,47.4755864590984,8.21380666876433,21.911088530219825
390722,AG,Windisch,47.4780665700521,8.21155936063067,25.87389347393997
390723,AG,Windisch,47.4831932284987,8.23398036989174,21.911088530219825
390724,AG,Windisch,47.4832521187852,8.23404134238201,21.911088530219825
390725,AG,Windisch,47.4822398763553,8.21265281614773,14.509489986929058
390726,AG,Windisch,47.4821422475743,8.22002676624743,25.00197313128456
390727,AG,Windisch,47.4779703930722,8.2172310389876,32.41276881499605
390728,AG,Windisch,47.4781962964346,8.21807723843204,20.40965912876556
390729,AG,Windisch,47.4767994157369,8.22737332558714,28.79198590641361
390730,AG,Windisch,47.4661400469871,8.22533951754009,32.41276881499605
390731,AG,Windisch,47.4730595707349,8.22550565052209,17.524564516752697
390732,AG,Windisch,47.4811390470185,8.22296299949139,21.070482247705836
390733,AG,Windisch,47.4817857254363,8.22429513242949,23.38174180469223
390734,AG,Windisch,47.4773992186353,8.2220755180282,26.52022215066792
390735,AG,Windisch,47.4803534240081,8.21156166348551,25.67425529899044
390736,AG,Windisch,47.4793496821005,8.21318412456247,23.557686995370688
390737,AG,Windisch,47.4778080625604,8.21672522365922,26.52022215066792
736802,AG,Windisch,47.4827618355079,8.22711197105257,21.911088530219825
736803,AG,Windisch,47.4833362429991,8.22822757906106,32.41276881499605
736804,AG,Windisch,47.4826460138696,8.22828148818124,32.95842398145674
736805,AG,Windisch,47.4830415211605,8.22953923112808,32.41276881499605
736806,AG,Windisch,47.4833967419294,8.22904587335575,21.911088530219825
736807,AG,Windisch,47.48076,8.222939,19.276591114544804
736808,AG,Windisch,47.4825341965729,8.2265133498048,21.911088530219825
736809,AG,Windisch,47.482650828579,8.2265580523268,23.835318660420462
736810,AG,Windisch,47.4821583773293,8.22728716278286,23.835318660420462
736811,AG,Windisch,47.4817057481871,8.22733790437835,28.57694733105132
736812,AG,Windisch,47.4846800038251,8.23548741234488,20.858327122840283
736813,AG,Windisch,47.4837143848204,8.22933882194935,28.57694733105132
736875,AG,Windisch,47.4838709027091,8.22966184672032,21.734505242286463
736876,AG,Windisch,47.4841172681646,8.23021465395255,31.915110509409125
736877,AG,Windisch,47.4840523307622,8.23072992595337,32.41276881499605
736878,AG,Windisch,47.4828954632393,8.22887760291487,26.26992455250224
736879,AG,Windisch,47.4827997522399,8.22869330588973,26.26992455250224
736880,AG,Windisch,47.4825919327664,8.22898381775097,32.41276881499605
736881,AG,Windisch,47.4818886818435,8.22791656512598,28.57694733105132
736882,AG,Windisch,47.4819016315143,8.22807126275361,26.26992455250224
736883,AG,Windisch,47.4821852229879,8.22858457826824,26.26992455250224
736884,AG,Windisch,47.4821457796637,8.22989832433939,21.911088530219825
736885,AG,Windisch,47.484296823048,8.22716029928852,28.79198590641361
736886,AG,Windisch,47.484496577837,8.22796583859215,28.79198590641361
736887,AG,Windisch,47.484217787787,8.22804100895638,21.132959870131643
736888,AG,Windisch,47.4835441579711,8.22671976720308,28.79198590641361
736889,AG,Windisch,47.4837700390343,8.22681949468211,28.79198590641361
736890,AG,Windisch,47.4835695135017,8.22746735199883,25.195914898734912
736891,AG,Windisch,47.4836076283741,8.22768566473726,25.195914898734912
736892,AG,Windisch,47.4843779027208,8.22302126411419,31.915110509409125
736893,AG,Windisch,47.4834468103846,8.22463710434331,32.41276881499605
736894,AG,Windisch,47.4837413155845,8.2236331472827,28.57694733105132
736895,AG,Windisch,47.4838462708725,8.22346334692016,28.79198590641361
736896,AG,Windisch,47.4834194766901,8.22283825607492,28.79198590641361
736897,AG,Windisch,47.4843941165613,8.22326864383377,31.915110509409125
736898,AG,Windisch,47.4845685696722,8.22312425303774,31.915110509409125
736899,AG,Windisch,47.48433805215,8.2240955107242,31.915110509409125
736900,AG,Windisch,47.4840004034119,8.22559496105794,32.41276881499605
736901,AG,Windisch,47.4840177020999,8.22502134116019,31.915110509409125
736902,AG,Windisch,47.4836430539934,8.22391139551122,28.79198590641361
736903,AG,Windisch,47.4848852935605,8.22458262942434,23.67317129560425
736904,AG,Windisch,47.4846084027424,8.224383609801,31.915110509409125
736905,AG,Windisch,47.4848300890424,8.2242428650993,28.79198590641361
737028,AG,Windisch,47.4847328814529,8.22344646386441,31.915110509409125
737029,AG,Windisch,47.4812438712606,8.22200321289854,25.195914898734912
737030,AG,Windisch,47.4804320216529,8.21977015993751,18.743242334795383
737031,AG,Windisch,47.4808444865598,8.22025933132048,17.61584427703384
737032,AG,Windisch,47.4808947600868,8.22051853800856,18.099733931868904
737033,AG,Windisch,47.4790556012087,8.21957124560479,26.249050991023825
737034,AG,Windisch,47.4796644185291,8.21951459950639,27.928966448947413
737035,AG,Windisch,47.47994,8.220472,21.911088530219825
737036,AG,Windisch,47.4796873103046,8.22066320295399,29.33859713755873
737037,AG,Windisch,47.4796123057624,8.22054204408676,21.911088530219825
737038,AG,Windisch,47.479162085364,8.22042832202166,32.41276881499605
737039,AG,Windisch,47.4792399792952,8.22078221726273,32.41276881499605
737040,AG,Windisch,47.4791393714244,8.22338702804032,23.835318660420462
737041,AG,Windisch,47.478880118737,8.22346368373847,32.41276881499605
737042,AG,Windisch,47.4788864783965,8.21940602814252,21.911088530219825
737043,AG,Windisch,47.4790135929518,8.22095221304947,29.796079386773265
737044,AG,Windisch,47.4795977653027,8.22211689476148,24.33086803719716
737045,AG,Windisch,47.4780644511411,8.22021280677405,28.79198590641361
737046,AG,Windisch,47.478058282833,8.21998465644604,32.41276881499605
737047,AG,Windisch,47.4780984324063,8.21907937455884,20.69777328526305
737048,AG,Windisch,47.4788687493369,8.21620112924797,21.911088530219825
737049,AG,Windisch,47.4788544037452,8.21632560470846,29.796079386773265
737050,AG,Windisch,47.4771784433841,8.21663583348965,23.835318660420462
737051,AG,Windisch,47.4777661926683,8.2178875501034,32.41276881499605
737052,AG,Windisch,47.4767465438806,8.21760388980344,29.33859713755873
737053,AG,Windisch,47.4769409310579,8.21825465513513,28.79198590641361
737054,AG,Windisch,47.4773691240117,8.21852365111175,29.796079386773265
737055,AG,Windisch,47.4766244839938,8.21952209105369,29.33859713755873
737056,AG,Windisch,47.4765768909837,8.21873676446062,28.57694733105132
737057,AG,Windisch,47.4756616580917,8.2184880953553,32.41276881499605
737058,AG,Windisch,47.4762000467046,8.21859340110219,31.915110509409125
737243,AG,Windisch,47.4779501582732,8.21929971366427,25.007734282698745
737244,AG,Windisch,47.4778051887634,8.22005669455328,26.26992455250224
737245,AG,Windisch,47.4773868167045,8.21940433708711,23.835318660420462
737246,AG,Windisch,47.477214766234,8.21962518575161,23.835318660420462
737247,AG,Windisch,47.4771595425731,8.22003413292961,31.915110509409125
737248,AG,Windisch,47.4777973655034,8.220619933558,23.835318660420462
737249,AG,Windisch,47.47778,8.220452,23.835318660420462
737250,AG,Windisch,47.4754362231593,8.22094502230335,32.41276881499605
737251,AG,Windisch,47.474905739997,8.22103841891907,25.75214740040053
737252,AG,Windisch,47.4748233061011,8.22027810212984,31.915110509409125
737253,AG,Windisch,47.4757718461219,8.22085104151391,23.835318660420462
737254,AG,Windisch,47.4752507435296,8.2201388222719,31.915110509409125
737255,AG,Windisch,47.4751547975192,8.21931664215614,28.79198590641361
737256,AG,Windisch,47.4754797789519,8.21995600559364,28.79198590641361
737257,AG,Windisch,47.4763746219943,8.22020550083968,31.915110509409125
737258,AG,Windisch,47.4752428380917,8.22135964344185,25.75214740040053
737259,AG,Windisch,47.4770438829755,8.22121807064651,29.33859713755873
737260,AG,Windisch,47.4771389945453,8.22156327775016,28.79198590641361
737261,AG,Windisch,47.4765870847245,8.22157447424626,28.79198590641361
737262,AG,Windisch,47.4763383713139,8.22163830218665,28.79198590641361
737263,AG,Windisch,47.4761439210408,8.2215837813265,28.79198590641361
737264,AG,Windisch,47.4777173505578,8.221937316858,32.41276881499605
737265,AG,Windisch,47.4776821338831,8.2225199322474,23.835318660420462
737266,AG,Windisch,47.4771451518757,8.2223070108984,28.57694733105132
737267,AG,Windisch,47.4770035108456,8.22295476985367,28.57694733105132
737268,AG,Windisch,47.4772440053823,8.22290402660932,25.75214740040053
737269,AG,Windisch,47.4768587733169,8.22206062323284,28.57694733105132
737270,AG,Windisch,47.4772715357076,8.22323879571956,23.67317129560425
737271,AG,Windisch,47.476715631557,8.22319300194104,25.75214740040053
737272,AG,Windisch,47.4781811329573,8.22217736471374,26.26992455250224
737304,AG,Windisch,47.4782288219125,8.22215999717219,26.26992455250224
737305,AG,Windisch,47.4782779987437,8.2221420677556,18.176342305942768
737306,AG,Windisch,47.4784017790875,8.22209697780181,26.26992455250224
737307,AG,Windisch,47.4784921426281,8.22228485705283,26.467603019876773
737308,AG,Windisch,47.4757466081357,8.22261160287523,26.467603019876773
737309,AG,Windisch,47.4758512679957,8.21455388435031,28.79198590641361
737310,AG,Windisch,47.4744965626451,8.21314397859949,27.71398742802516
737311,AG,Windisch,47.4758912346613,8.21606426882708,28.79198590641361
737312,AG,Windisch,47.4759208184407,8.21513259957338,32.41276881499605
737313,AG,Windisch,47.4761908558596,8.21557125720543,28.79198590641361
737314,AG,Windisch,47.4747675173667,8.21464729074302,28.79198590641361
737315,AG,Windisch,47.4744002530144,8.21413117828827,28.79198590641361
737316,AG,Windisch,47.4761814892425,8.2172587551875,31.915110509409125
737317,AG,Windisch,47.4751602967273,8.21730871306969,29.33859713755873
737318,AG,Windisch,47.4755816418808,8.21665954558629,32.41276881499605
737319,AG,Windisch,47.4741976927383,8.21673806580639,28.57694733105132
737320,AG,Windisch,47.4740031657915,8.216746802921023,28.57694733105132
737321,AG,Windisch,47.4736237560947,8.21702485388175,28.57694733105132
737322,AG,Windisch,47.4728122591075,8.21631860622628,28.57694733105132
737323,AG,Windisch,47.4733739166678,8.21944799730274,28.79198590641361
737324,AG,Windisch,47.4738029890751,8.21829584454787,32.41276881499605
737325,AG,Windisch,47.4740564003487,8.21916711353312,28.79198590641361
737326,AG,Windisch,47.4738188945339,8.21881738918731,28.79198590641361
737327,AG,Windisch,47.4728421571979,8.22037967249644,28.79198590641361
737328,AG,Windisch,47.4716568590103,8.22046418047056,25.75214740040053
737329,AG,Windisch,47.4723204545572,8.21700633638491,31.915110509409125
737330,AG,Windisch,47.4711603372464,8.22002358957626,28.57694733105132
737331,AG,Windisch,47.4709708685882,8.22085481956148,28.57694733105132
737332,AG,Windisch,47.4729299927228,8.21904579453486,31.915110509409125
737333,AG,Windisch,47.4719220225679,8.21929945429355,28.79198590641361
737334,AG,Windisch,47.4717464982567,8.21915511210639,23.835318660420462
737424,AG,Windisch,47.4730596255664,8.2186619804655,31.915110509409125
737425,AG,Windisch,47.4728537452367,8.21862831923523,31.915110509409125
737426,AG,Windisch,47.4732048495259,8.21796081003388,31.915110509409125
737427,AG,Windisch,47.4730119135378,8.21787346881078,21.418359734617923
737428,AG,Windisch,47.4729908007771,8.21477823852929,23.5035296976152
737429,AG,Windisch,47.4725219773093,8.21338551691084,23.68039132960165
737430,AG,Windisch,47.4723329626278,8.21404202399608,23.68039132960165
737431,AG,Windisch,47.4714013369753,8.21361112383165,19.603707614304664
737432,AG,Windisch,47.4715178209159,8.21189114923399,25.195914898734912
737433,AG,Windisch,47.4731537999281,8.21229323156643,26.467603019876773
737434,AG,Windisch,47.472429619403,8.211856335462,29.33859713755873
737435,AG,Windisch,47.4721535214854,8.21170091170125,29.33859713755873
737436,AG,Windisch,47.4730586406136,8.21275451747714,26.26992455250224
737437,AG,Windisch,47.4704846481187,8.21068262522472,27.71398742802516
737438,AG,Windisch,47.4721392634361,8.21261388902844,20.741030332317678
737439,AG,Windisch,47.4712778264701,8.21176267685195,29.33859713755873
737440,AG,Windisch,47.4693621827362,8.21106521648904,21.71585880330195
737441,AG,Windisch,47.4717516496642,8.20897008065891,32.41276881499605
737442,AG,Windisch,47.4718233542133,8.20921453906014,23.835318660420462
737443,AG,Windisch,47.4718571116524,8.20951425622568,25.195914898734912
737444,AG,Windisch,47.4724058244736,8.21039720105482,28.79198590641361
737445,AG,Windisch,47.4724548571206,8.21067178008795,31.915110509409125
737446,AG,Windisch,47.4713862498788,8.20991326218052,28.79198590641361
737447,AG,Windisch,47.4715403379536,8.21012447757064,26.467603019876773
737448,AG,Windisch,47.4717297186812,8.21036958167284,28.79198590641361
737449,AG,Windisch,47.4719151638684,8.21066391159693,28.57694733105132
737450,AG,Windisch,47.4720495700308,8.21080512231593,28.57694733105132
737451,AG,Windisch,47.4708653744496,8.20982953206414,32.41276881499605
737452,AG,Windisch,47.4729229227094,8.21031481106353,25.195914898734912
737453,AG,Windisch,47.4727759177274,8.21043899525639,25.195914898734912
737544,AG,Windisch,47.4745738103332,8.21041870354635,31.915110509409125
737545,AG,Windisch,47.4746186161702,8.2109696454894,28.79198590641361
737546,AG,Windisch,47.474977151224,8.21014268549339,31.915110509409125
737547,AG,Windisch,47.4750564577761,8.20978718574069,29.796079386773265
737548,AG,Windisch,47.4762327918603,8.20923042744366,29.33859713755873
737549,AG,Windisch,47.4755235634306,8.20999386482603,31.915110509409125
737550,AG,Windisch,47.4754981743719,8.20968567785064,31.915110509409125
737551,AG,Windisch,47.47587781827,8.20953586807736,32.43170663858742
737552,AG,Windisch,47.4756552163024,8.2093453089867,31.915110509409125
737553,AG,Windisch,47.475703284745,8.20962864565176,31.915110509409125
737554,AG,Windisch,47.4759087920942,8.20852927415022,29.33859713755873
737555,AG,Windisch,47.4745926864789,8.20922821051511,32.41276881499605
737556,AG,Windisch,47.4742665242103,8.20884000661902,29.796079386773265
737557,AG,Windisch,47.4741712035631,8.20888160901662,29.796079386773265
737558,AG,Windisch,47.4743326320148,8.20922134084217,23.835318660420462
737559,AG,Windisch,47.4740774420121,8.21029501671623,32.41276881499605
737560,AG,Windisch,47.4739663264725,8.20951713458451,32.41276881499605
737561,AG,Windisch,47.475268446803,8.20876157640781,29.33859713755873
737562,AG,Windisch,47.4738761555823,8.20919722044346,25.75214740040053
737563,AG,Windisch,47.4736866120169,8.20919923857758,25.75214740040053
737564,AG,Windisch,47.4736684630717,8.20911112910608,25.75214740040053
737565,AG,Windisch,47.4731630452471,8.20926444736032,32.41276881499605
737566,AG,Windisch,47.4733285679669,8.20906194051394,31.915110509409125
737567,AG,Windisch,47.4762312345906,8.2066071753052,23.835318660420462
737568,AG,Windisch,47.4761429329543,8.20642328769813,23.835318660420462
737569,AG,Windisch,47.4763124811319,8.20797819792885,26.467603019876773
737570,AG,Windisch,47.4761073147627,8.20804920594524,29.33859713755873
737571,AG,Windisch,47.4758991161424,8.20744748141983,31.915110509409125
737572,AG,Windisch,47.4755101982212,8.2073012000111,29.33859713755873
737573,AG,Windisch,47.4752061707121,8.20740262058957,29.796079386773265
737813,AG,Windisch,47.4753110977649,8.20784026569927,29.33859713755873
737814,AG,Windisch,47.4743002801378,8.20770754855956,31.915110509409125
737815,AG,Windisch,47.4743369643784,8.20696849637022,31.915110509409125
737816,AG,Windisch,47.4745267047333,8.20687716573494,31.915110509409125
737817,AG,Windisch,47.474680132433,8.20686614089186,31.915110509409125
737818,AG,Windisch,47.4751096968694,8.20827715729455,29.33859713755873
737819,AG,Windisch,47.4750027160726,8.20793091404332,29.33859713755873
737820,AG,Windisch,47.4742930828465,8.20851708427784,29.796079386773265
737821,AG,Windisch,47.4740013949132,8.20823289976506,23.835318660420462
737822,AG,Windisch,47.4738746897691,8.20795155427235,23.835318660420462
737823,AG,Windisch,47.4737505486277,8.2076402264385,29.796079386773265
737824,AG,Windisch,47.4737431452797,8.20828465663423,21.911088530219825
737825,AG,Windisch,47.4731115718129,8.20740942931414,23.835318660420462
737826,AG,Windisch,47.4735440017232,8.20790007833964,23.835318660420462
737827,AG,Windisch,47.4733376471288,8.20794548932025,23.835318660420462
737828,AG,Windisch,47.4734298940366,8.20850697222166,21.911088530219825
737829,AG,Windisch,47.4727898195651,8.20869982901767,21.911088530219825
737830,AG,Windisch,47.4724701606595,8.20868729762217,23.835318660420462
737831,AG,Windisch,47.4729057242261,8.20819216968499,21.911088530219825
737832,AG,Windisch,47.4780514699337,8.21027944790908,23.835318660420462
737833,AG,Windisch,47.4782809059324,8.21077893553879,21.911088530219825
737834,AG,Windisch,47.4782992453178,8.21097719901642,21.911088530219825
737835,AG,Windisch,47.478717151353,8.21111884128477,24.65538787880357
737836,AG,Windisch,47.4785134546374,8.21126048251923,29.796079386773265
737837,AG,Windisch,47.4794530514188,8.21163144036684,29.796079386773265
737838,AG,Windisch,47.478482026728,8.21195589846095,21.911088530219825
737839,AG,Windisch,47.4783982821901,8.21333465606661,21.911088530219825
737840,AG,Windisch,47.4778922570014,8.21364382566238,21.911088530219825
737841,AG,Windisch,47.4776227529134,8.21348867161101,21.911088530219825
737842,AG,Windisch,47.4772895168649,8.21365433773352,23.835318660420462
737843,AG,Windisch,47.4782830276248,8.21343014606308,21.911088530219825
737995,AG,Windisch,47.4778749302869,8.21389423896461,29.796079386773265
737996,AG,Windisch,47.4776289233724,8.21423417452467,28.79198590641361
737997,AG,Windisch,47.4780031817915,8.21303400602283,32.41276881499605
737998,AG,Windisch,47.4774243255265,8.21338277876128,29.796079386773265
737999,AG,Windisch,47.4771440017228,8.21349094778967,29.796079386773265
738000,AG,Windisch,47.477033423353,8.21332042568792,32.41276881499605
738001,AG,Windisch,47.4779703537558,8.21211744432557,31.915110509409125
738002,AG,Windisch,47.4779463963099,8.21203880778634,31.915110509409125
738003,AG,Windisch,47.4779097445726,8.21248161679006,29.33859713755873
738004,AG,Windisch,47.476829049841,8.21275335131276,31.915110509409125
738005,AG,Windisch,47.4778328037874,8.21144646013078,31.915110509409125
738006,AG,Windisch,47.4775680997426,8.21196627248948,32.41276881499605
738007,AG,Windisch,47.4770424816864,8.21230066406573,29.796079386773265
738008,AG,Windisch,47.4766697983545,8.21257794492144,32.41276881499605
738009,AG,Windisch,47.4766515937032,8.2122832139104,32.41276881499605
738010,AG,Windisch,47.4780603578508,8.20949877498931,15.85041542140182
738011,AG,Windisch,47.4778866140412,8.21050848600342,32.41276881499605
738012,AG,Windisch,47.477388255033,8.21038802538162,23.835318660420462
738013,AG,Windisch,47.4771975427885,8.21058561443172,23.835318660420462
738014,AG,Windisch,47.4771133371127,8.21138249407227,28.14613683325508
738015,AG,Windisch,47.4754692489281,8.21313260997574,25.00197313128456
738016,AG,Windisch,47.4823467327381,8.23312166379257,21.911088530219825
738017,AG,Windisch,47.4830996327293,8.23388215221054,21.911088530219825
738018,AG,Windisch,47.483345568726,8.23413851024806,21.911088530219825
738019,AG,Windisch,47.4811474962929,8.21072135446668,20.858327122840283
738020,AG,Windisch,47.4809655146326,8.21106632806011,19.592506457586225
738021,AG,Windisch,47.4692252209689,8.22935020936513,14.509489986929058
738022,AG,Windisch,47.4825119896197,8.22109489206196,22.98355874802847
738023,AG,Windisch,47.4816382081029,8.21978854310048,22.81190154640312
738024,AG,Windisch,47.4780081511586,8.21638399046434,28.79198590641361
738325,AG,Windisch,47.4781989293452,8.21723141088528,31.915110509409125
738326,AG,Windisch,47.4773942459894,8.22668743678783,21.911088530219825
738327,AG,Windisch,47.4746828359592,8.20354260232619,25.00197313128456
738328,AG,Windisch,47.4722333601694,8.22473119622684,14.87193638382308
738329,AG,Windisch,47.4703348204247,8.22884963455997,25.00197313128456
738330,AG,Windisch,47.4712714629926,8.22574337935762,19.3449581026477
738331,AG,Windisch,47.4788060371275,8.22043702174822,25.00197313128456
738332,AG,Windisch,47.4737582736913,8.20708772021782,23.38174180469223
738333,AG,Windisch,47.4807655102844,8.21127335905457,23.557686995370688
738334,AG,Windisch,47.4807731580237,8.21880076294813,26.52022215066792
738335,AG,Windisch,47.4781748133052,8.21198026334241,26.467603019876773
738336,AG,Windisch,47.4747633480385,8.21344206493685,31.915110509409125
738337,AG,Windisch,47.4828970755986,8.22770476912198,19.50212737190957
1089665,AG,Windisch,47.47509,8.214552,21.734505242286463
1089666,AG,Windisch,47.47514,8.214458,23.64322784155534
1089703,AG,Windisch,47.47665,8.222764,23.64322784155534
1089833,AG,Windisch,47.47364,8.224219,21.734505242286463
1089869,AG,Windisch,47.4732,8.216706,21.418359734617923
1091759,AG,Windisch,47.47824,8.213831,19.689251190780176
1091856,AG,Windisch,47.47878,8.211822,19.689251190780176
1092036,AG,Windisch,47.47846,8.21373,19.689251190780176
1092793,AG,Windisch,47.48313,8.226223,21.418359734617923
1092879,AG,Windisch,47.47862,8.223257,21.734505242286463
1092946,AG,Windisch,47.47297,8.216513,19.689251190780176
1095727,AG,Windisch,47.47866,8.22317,21.734505242286463
1096584,AG,Windisch,47.47769,8.216612,19.689251190780176
1097208,AG,Windisch,47.48283,8.226075,23.64322784155534
1097251,AG,Windisch,47.47363,8.224231,21.734505242286463
1097252,AG,Windisch,47.47386,8.224045,21.911088530219825
1097253,AG,Windisch,47.48227,8.226929,21.418359734617923
1097254,AG,Windisch,47.48234,8.226848,23.64322784155534
1097255,AG,Windisch,47.47683,8.218062,23.64322784155534
1097258,AG,Windisch,47.47821,8.213842,21.418359734617923
1099860,AG,Windisch,47.47743,8.216593,18.743242334795383
1203501,AG,Windisch,47.48365,8.224873,21.418359734617923
1203502,AG,Windisch,47.48252,8.228823,21.418359734617923
1203503,AG,Windisch,47.47707,8.211708,21.418359734617923
1203504,AG,Windisch,47.47466,8.218623,21.418359734617923
1203505,AG,Windisch,47.48206,8.22939,21.911088530219825
1203506,AG,Windisch,47.48215,8.229315,19.689251190780176
1203507,AG,Windisch,47.48237,8.229116,19.689251190780176
1203508,AG,Windisch,47.47741,8.216593,19.689251190780176
1203509,AG,Windisch,47.47476,8.223421,19.689251190780176
1203568,AG,Windisch,47.47479,8.223402,19.689251190780176
1206397,AG,Windisch,47.47358,8.223801,23.64322784155534
1206398,AG,Windisch,47.4812,8.221563,18.743242334795383
1206514,AG,Windisch,47.4809,8.221684,18.743242334795383
1206515,AG,Windisch,47.48068,8.221663,18.743242334795383
1206516,AG,Windisch,47.477,8.211759,19.689251190780176
1206517,AG,Windisch,47.48199,8.229456,19.689251190780176
1206518,AG,Windisch,47.48227,8.229211,19.689251190780176
1206519,AG,Windisch,47.48235,8.229136,19.689251190780176
1206520,AG,Windisch,47.48242,8.229073,19.689251190780176
1206521,AG,Windisch,47.47104,8.226268,24.815241007252776
1206522,AG,Windisch,47.4746,8.22351,19.689251190780176
1206523,AG,Windisch,47.47485,8.223761,19.689251190780176
1206524,AG,Windisch,47.47466,8.22387,19.689251190780176
1206525,AG,Windisch,47.48007,8.214154,20.69777328526305
1206526,AG,Windisch,47.48123,8.213632,19.14658427376576
1217535,AG,Windisch,47.47408,8.223432,21.734505242286463
1217536,AG,Windisch,47.48362,8.22307,21.418359734617923
1217537,AG,Windisch,47.48102,8.223932,32.41276881499605
1217538,AG,Windisch,47.4753,8.222159,19.689251190780176
1217539,AG,Windisch,47.48204,8.229413,19.689251190780176
1217540,AG,Windisch,47.48217,8.229292,19.689251190780176
1217541,AG,Windisch,47.48224,8.229238,19.689251190780176
1217542,AG,Windisch,47.47474,8.222401,19.689251190780176
1217543,AG,Windisch,47.47541,8.222731,23.64322784155534
1217544,AG,Windisch,47.47488,8.223742,21.418359734617923
1233042,AG,Windisch,47.47791,8.223035,29.796079386773265
1233286,AG,Windisch,47.48032,8.218047,26.52022215066792
1233761,AG,Windisch,47.47307,8.208587,14.87193638382308
1237110,AG,Windisch,47.46598,8.2258,21.911088530219825
1237111,AG,Windisch,47.47338,8.209384,15.154994600948651
1237470,AG,Windisch,47.47457,8.223122,19.689251190780176
1250673,AG,Windisch,47.47164,8.225358,15.154994600948651
1250674,AG,Windisch,47.47409,8.215746,15.154994600948651
1250880,AG,Windisch,47.47966,8.218559,17.524564516752697
1306798,AG,Windisch,47.48417,8.228763,32.41276881499605
1307823,AG,Windisch,47.47167,8.219507,19.689251190780176
1310474,AG,Windisch,47.4751,8.222859,21.418359734617923
1314125,AG,Windisch,47.47556,8.223443,21.337174556987293
1317058,AG,Windisch,47.47544,8.22315,21.337174556987293
1317059,AG,Windisch,47.47547,8.22348,21.337174556987293
1317060,AG,Windisch,47.47066,8.210255,27.14432214785275
1317061,AG,Windisch,47.47295,8.215952,17.026984904974245
1327699,AG,Windisch,47.47511,8.223617,17.026984904974245
1327700,AG,Windisch,47.47645,8.222118,17.026984904974245
1328576,AG,Windisch,47.47169,8.219468,19.689251190780176
1330646,AG,Windisch,47.47532,8.223524,17.026984904974245
1330647,AG,Windisch,47.47647,8.222382,17.026984904974245
1330648,AG,Windisch,47.482,8.224726,16.08412438335475
1333166,AG,Windisch,47.47352,8.220179,13.497919575544
1335434,AG,Windisch,47.4755,8.223466,21.337174556987293
1335435,AG,Windisch,47.47315,8.215975,17.026984904974245
1335436,AG,Windisch,47.4752,8.223989,18.52229342583733
1335648,AG,Windisch,47.48353,8.231519,14.6833058472696
1336117,AG,Windisch,47.47646,8.223856,14.634971640143696
1336118,AG,Windisch,47.47633,8.223912,14.634971640143696
1336119,AG,Windisch,47.4765,8.223848,14.527621132955852
1336120,AG,Windisch,47.47646,8.222759,14.293940747522656
1336121,AG,Windisch,47.47653,8.223386,14.75012451613177
1336122,AG,Windisch,47.4838,8.231151,13.324459773083476
1336181,AG,Windisch,47.47352,8.219976,13.497919575544
1338018,AG,Windisch,47.47732,8.217036,16.208889876638796
1338167,AG,Windisch,47.47453,8.220105,17.026984904974245
1338662,AG,Windisch,47.4762,8.223133,14.667030404125397
1338663,AG,Windisch,47.47623,8.223462,14.75012451613177
1338664,AG,Windisch,47.47651,8.223091,14.708035641115863
1338665,AG,Windisch,47.4792,8.22127,14.6833058472696
1338666,AG,Windisch,47.47961,8.221024,14.6833058472696
1339223,AG,Windisch,47.47628,8.223923,14.542516875897013
1339224,AG,Windisch,47.4762,8.222793,14.293940747522656
1339225,AG,Windisch,47.47749,8.221447,23.385835812202085
1339226,AG,Windisch,47.47185,8.209891,16.262573244228562
1341476,AG,Windisch,47.48303,8.226973,17.026984904974245
1346329,AG,Windisch,47.48379,8.231699,19.382614322507557
1346330,AG,Windisch,47.47571,8.220837,17.026984904974245
1347919,AG,Windisch,47.47527,8.223237,17.026984904974245
1349568,AG,Windisch,47.47625,8.222403,17.026984904974245
1349569,AG,Windisch,47.47623,8.222139,17.026984904974245
1349570,AG,Windisch,47.47587,8.219977,18.52229342583733
1349726,AG,Windisch,47.48379,8.231699,19.382614322507557
1349727,AG,Windisch,47.4839,8.230596,18.52229342583733
1349728,AG,Windisch,47.47565,8.220612,17.026984904974245
1349729,AG,Windisch,47.48159,8.230012,32.41276881499605
1350896,AG,Windisch,47.47749,8.211424,18.52229342583733
1353326,AG,Windisch,47.47352,8.219899,13.497919575544
1353327,AG,Windisch,47.47352,8.22007,13.497919575544
1355290,AG,Windisch,47.48362,8.230492,14.6833058472696
1355684,AG,Windisch,47.47639,8.223874,14.527621132955852
1355685,AG,Windisch,47.47628,8.223455,14.75012451613177
1355686,AG,Windisch,47.47625,8.223127,14.667030404125397
1355687,AG,Windisch,47.47654,8.22348,14.6833058472696
1355688,AG,Windisch,47.47641,8.222765,14.520225811140763
1355689,AG,Windisch,47.4765,8.222923,14.708035641115863
1357859,AG,Windisch,47.48261,8.233367,18.52229342583733
1364826,AG,Windisch,47.47387,8.223578,23.64322784155534
1364828,AG,Windisch,47.4738,8.224472,23.64322784155534
1364829,AG,Windisch,47.47396,8.224345,23.64322784155534
1366111,AG,Windisch,47.47553,8.220685,17.026984904974245
1366115,AG,Windisch,47.48115,8.230634,27.39063582905461
1366116,AG,Windisch,47.48168,8.230474,28.36446806238157
1366406,AG,Windisch,47.47437,8.22324,21.734505242286463
1366408,AG,Windisch,47.47393,8.224366,23.64322784155534
1377522,AG,Windisch,47.47758,8.21135,18.52229342583733
1377523,AG,Windisch,47.47426,8.212061,23.557686995370688
1377525,AG,Windisch,47.48293,8.230021,16.208889876638796
1377526,AG,Windisch,47.48294,8.231577,26.52022215066792
1384474,AG,Windisch,47.48453,8.23515,23.835318660420462
1394039,AG,Windisch,47.47526,8.217189,31.915110509409125
1394040,AG,Windisch,47.47287,8.227132,26.113036670938584
1395346,AG,Windisch,47.47907,8.222155,26.52022215066792
1403417,AG,Windisch,47.4824,8.229599,21.418359734617923
1404589,AG,Windisch,47.47472,8.223041,19.689251190780176
1418583,AG,Windisch,47.48364,8.225312,15.972792651327724
1421782,AG,Windisch,47.47514,8.222224,19.689251190780176
1421783,AG,Windisch,47.47459,8.222481,19.689251190780176
1421943,AG,Windisch,47.47444,8.222562,19.689251190780176
1422660,AG,Windisch,47.48231,8.229656,21.418359734617923
1422661,AG,Windisch,47.48234,8.229635,21.418359734617923
1424557,AG,Windisch,47.47001,8.210841,14.87193638382308
1424732,AG,Windisch,47.47665,8.204591,19.50212737190957
1432352,AG,Windisch,47.477,8.223296,23.67317129560425
1432384,AG,Windisch,47.47701,8.223447,23.67317129560425
1432704,AG,Windisch,47.47731,8.223232,23.67317129560425
1432706,AG,Windisch,47.47706,8.223284,23.67317129560425
1432707,AG,Windisch,47.47696,8.223303,23.67317129560425
1432708,AG,Windisch,47.47707,8.223435,23.67317129560425
1432709,AG,Windisch,47.47698,8.223454,23.67317129560425
1434401,AG,Windisch,47.47151,8.219342,19.689251190780176
1434406,AG,Windisch,47.47514,8.213787,31.915110509409125
1435711,AG,Windisch,47.47766,8.220552,15.972792651327724
1436011,AG,Windisch,47.47771,8.22055,15.972792651327724
1440674,AG,Windisch,47.47499,8.222288,19.689251190780176
1452739,AG,Windisch,47.4774,8.223213,23.67317129560425
1455029,AG,Windisch,47.47149,8.219381,19.689251190780176
1713551,AG,Windisch,47.47563,8.211969,7.868666410517796
1714260,AG,Windisch,47.48407,8.215148,9.627936790223604
1714264,AG,Windisch,47.47466,8.212573,13.068985617908211
1714277,AG,Windisch,47.47421,8.224588,19.83413852536764
1714426,AG,Windisch,47.48326,8.233279,5.909403835896365
1714427,AG,Windisch,47.48309,8.233159,5.909403835896365
1714766,AG,Windisch,47.48074,8.211851,3.947799839810152
1714767,AG,Windisch,47.48078,8.211769,3.947799839810152
1714768,AG,Windisch,47.48177,8.210973,3.947799839810152
1715999,AG,Windisch,47.48238,8.232159,7.233427368517547
1716000,AG,Windisch,47.4824,8.232241,7.233427368517547
1716001,AG,Windisch,47.48241,8.232337,7.233427368517547
1716002,AG,Windisch,47.48215,8.232663,7.49060083367018
1716565,AG,Windisch,47.47912,8.211587,8.559692096929199
1717281,AG,Windisch,47.47824,8.215713,7.49060083367018
1717282,AG,Windisch,47.47886,8.215047,7.49060083367018
1718238,AG,Windisch,47.47529,8.212207,7.868666410517796
1718494,AG,Windisch,47.48157,8.231104,19.42268553651656
1718986,AG,Windisch,47.47841,8.216299,5.493842586602668
1719190,AG,Windisch,47.47556,8.21536,9.878287226710768
1719195,AG,Windisch,47.47205,8.210106,9.530528730528305
1719197,AG,Windisch,47.47409,8.224972,20.233862115393084
1719278,AG,Windisch,47.48289,8.232489,5.909403835896365
1719279,AG,Windisch,47.48273,8.232366,5.909403835896365
1720167,AG,Windisch,47.47346,8.218119,8.559692096929199
1720371,AG,Windisch,47.48233,8.231931,7.233427368517547
1720372,AG,Windisch,47.48191,8.232571,7.49060083367018
1720664,AG,Windisch,47.47284,8.219902,8.559692096929199
1720667,AG,Windisch,47.47389,8.217928,7.868666410517796
1721664,AG,Windisch,47.47834,8.215688,7.49060083367018
1722016,AG,Windisch,47.46893,8.211914,6.832880052604631
1724066,AG,Windisch,47.48273,8.231664,28.14613683325508
1724379,AG,Windisch,47.47477,8.21743,7.868666410517796
1725588,AG,Windisch,47.47339,8.22467,6.832880052604631
1726411,AG,Windisch,47.46867,8.211263,7.432943059749851
1727196,AG,Windisch,47.47421,8.223812,9.239314059261549
1729170,AG,Windisch,47.47515,8.220807,8.559692096929199
1729171,AG,Windisch,47.48118,8.215387,19.50212737190957
1729426,AG,Windisch,47.47466,8.224547,9.239314059261549
1731245,AG,Windisch,47.48129,8.217418,6.5045808715432045
1732166,AG,Windisch,47.46822,8.229979,7.432943059749851
1733973,AG,Windisch,47.4746,8.224354,9.239314059261549
1734101,AG,Windisch,47.48252,8.22786,23.557686995370688
1734183,AG,Windisch,47.47552,8.22264,23.38174180469223
1734260,AG,Windisch,47.48128,8.223636,21.911088530219825
1738693,AG,Windisch,47.47153,8.225747,19.50212737190957
1738694,AG,Windisch,47.47153,8.225747,26.52022215066792
1738696,AG,Windisch,47.47075,8.22662,26.52022215066792
1738700,AG,Windisch,47.4796,8.217786,26.52022215066792
1741888,AG,Windisch,47.47554,8.212133,7.868666410517796
1741889,AG,Windisch,47.4752,8.212099,7.868666410517796
1741890,AG,Windisch,47.47538,8.212315,7.868666410517796
1742363,AG,Windisch,47.47842,8.216879,5.493842586602668
1742445,AG,Windisch,47.48276,8.233533,8.559692096929199
1742463,AG,Windisch,47.47616,8.218063,9.14017094050016
1742549,AG,Windisch,47.47546,8.215505,9.878287226710768
1742552,AG,Windisch,47.47634,8.218308,8.426711024758102
1742554,AG,Windisch,47.47399,8.224755,19.83413852536764
1742728,AG,Windisch,47.48339,8.232328,5.909403835896365
1743176,AG,Windisch,47.47704,8.218061,8.035026399676148
1743178,AG,Windisch,47.47594,8.206277,8.887342878294382
1744947,AG,Windisch,47.47862,8.215624,7.49060083367018
1744948,AG,Windisch,47.47796,8.215775,7.49060083367018
1744949,AG,Windisch,47.47857,8.214881,7.49060083367018
1746489,AG,Windisch,47.47135,8.214178,7.233427368517547
1750645,AG,Windisch,47.46821,8.211552,23.557686995370688
1751234,AG,Windisch,47.4753,8.220766,10.050709918061418
1753611,AG,Windisch,47.47429,8.224087,9.239314059261549
1753685,AG,Windisch,47.47502,8.21612,18.745168629114684
1760185,AG,Windisch,47.47203,8.226896,23.38174180469223
1760320,AG,Windisch,47.47861,8.21859,8.49342235340659
1760321,AG,Windisch,47.47861,8.21859,8.49342235340659
1926084,AG,Windisch,47.47518,8.214381,23.64322784155534
1926722,AG,Windisch,47.47276,8.217498,21.418359734617923
1926859,AG,Windisch,47.47378,8.224492,23.64322784155534
1926880,AG,Windisch,47.47087,8.21141,21.734505242286463
1926994,AG,Windisch,47.47142,8.22031,23.64322784155534
1927041,AG,Windisch,47.47542,8.218469,21.734505242286463
1927042,AG,Windisch,47.47387,8.224033,23.64322784155534
1927045,AG,Windisch,47.47342,8.216874,23.64322784155534
1927047,AG,Windisch,47.47316,8.216672,21.418359734617923
1927048,AG,Windisch,47.48229,8.228121,21.418359734617923
1927049,AG,Windisch,47.47329,8.20815,19.689251190780176
1960048,AG,Windisch,47.47457,8.223529,19.689251190780176
1960049,AG,Windisch,47.48366,8.224924,19.689251190780176
1960050,AG,Windisch,47.4817,8.229198,31.915110509409125
1960051,AG,Windisch,47.47268,8.208279,21.77892870399584
1960052,AG,Windisch,47.47488,8.222961,21.734505242286463
1960053,AG,Windisch,47.47469,8.223851,19.689251190780176
1960054,AG,Windisch,47.4686,8.229315,16.70896248945162
1969104,AG,Windisch,47.47333,8.215662,23.557686995370688
1969105,AG,Windisch,47.47533,8.210931,23.38174180469223
1969151,AG,Windisch,47.48194,8.210892,23.38174180469223
1969152,AG,Windisch,47.47858,8.22334,21.734505242286463
1990953,AG,Windisch,47.48243,8.229576,21.418359734617923
1993076,AG,Windisch,47.47548,8.223136,19.117686236340937
1993077,AG,Windisch,47.47338,8.216161,17.026984904974245
1993078,AG,Windisch,47.47526,8.224276,18.52229342583733
1993079,AG,Windisch,47.47921,8.223327,17.026984904974245
1997013,AG,Windisch,47.47505,8.223336,17.026984904974245
1997014,AG,Windisch,47.47528,8.223543,17.026984904974245
1997015,AG,Windisch,47.47509,8.223317,17.026984904974245
1997016,AG,Windisch,47.47516,8.223596,17.026984904974245
1997017,AG,Windisch,47.47522,8.223256,17.026984904974245
1997940,AG,Windisch,47.474,8.20472,18.52229342583733
1999315,AG,Windisch,47.47651,8.222994,14.675147290094667
1999316,AG,Windisch,47.47625,8.222787,14.520225811140763
1999447,AG,Windisch,47.47653,8.22331,14.6833058472696
2002430,AG,Windisch,47.4817,8.229685,28.36446806238157
2004082,AG,Windisch,47.47057,8.211143,19.50212737190957
2005335,AG,Windisch,47.46758,8.217483,23.38174180469223
2007397,AG,Windisch,47.4838,8.227599,25.195914898734912
2007512,AG,Windisch,47.47422,8.223336,21.734505242286463
2007514,AG,Windisch,47.47373,8.22369,23.64322784155534
2009237,AG,Windisch,47.48097,8.222477,17.026984904974245
2010989,AG,Windisch,47.48092,8.230756,32.41276881499605
2016930,AG,Windisch,47.48184,8.218864,13.870225346669017
2018508,AG,Windisch,47.48226,8.229692,21.418359734617923
2018763,AG,Windisch,47.47525,8.222795,23.64322784155534
2023046,AG,Windisch,47.48295,8.23067,13.977817495678314
2024770,AG,Windisch,47.48858,8.233713,26.113036670938584
2027030,AG,Windisch,47.47736,8.22322,23.67317129560425
2027934,AG,Windisch,47.48497,8.226401,23.557686995370688
2111568,AG,Windisch,47.48418,8.230446,23.902575440168672
2111855,AG,Windisch,47.47511,8.211991,7.868666410517796
2112002,AG,Windisch,47.47239,8.225724,10.806937366778216
2112043,AG,Windisch,47.47428,8.22483,20.233862115393084
2112066,AG,Windisch,47.48323,8.232205,5.909403835896365
2112079,AG,Windisch,47.48166,8.211083,3.947799839810152
2112317,AG,Windisch,47.48237,8.232076,7.233427368517547
2112318,AG,Windisch,47.48227,8.232619,7.49060083367018
2112319,AG,Windisch,47.48203,8.232523,7.49060083367018
2112546,AG,Windisch,47.47852,8.215648,7.49060083367018
2112547,AG,Windisch,47.47806,8.215753,7.49060083367018
2112548,AG,Windisch,47.47796,8.215188,7.49060083367018
2112549,AG,Windisch,47.47826,8.214955,7.49060083367018
2112550,AG,Windisch,47.47889,8.215332,7.49060083367018
2112551,AG,Windisch,47.47883,8.214752,7.49060083367018
2112905,AG,Windisch,47.47165,8.214421,7.233427368517547
2113254,AG,Windisch,47.47101,8.210298,8.559692096929199
2113569,AG,Windisch,47.47597,8.216384,10.050709918061418
2113960,AG,Windisch,47.48196,8.231705,7.233427368517547
2114172,AG,Windisch,47.48135,8.231939,8.49342235340659
2114340,AG,Windisch,47.47499,8.217143,7.868666410517796
2116794,AG,Windisch,47.47153,8.225747,19.50212737190957
2116795,AG,Windisch,47.47075,8.22662,26.52022215066792
2116796,AG,Windisch,47.47571,8.216644,8.223520221931484
2116798,AG,Windisch,47.47334,8.207401,17.524564516752697
